,board,player,gameInfo,score
0,"[['V', 'V', 'V', 'V', 'K', 'V', 'V', 'V'], ['V', 'V', 'V', 'V', 'V', 'V', 'V', 'V'], ['.', '.', '.', '.', '.', '.', '.', '.'], ['.', '.', '.', '.', '.', '.', '.', '.'], ['.', '.', '.', '.', '.', '.', '.', '.'], ['.', '.', '.', '.', '.', '.', '.', 'p'], ['v', 'v', 'v', 'v', 'v', 'v', 'v', '.'], ['v', 'v', 'v', 'v', 'k', 'v', 'v', 'v']]",black,"[True, True, True, True]",-634.0
1,"[['V', 'V', 'V', 'V', 'K', 'V', 'V', 'V'], ['V', 'V', '.', 'V', 'V', 'V', 'V', 'V'], ['.', '.', 'Q', '.', '.', '.', '.', '.'], ['.', '.', '.', '.', '.', '.', '.', '.'], ['.', '.', '.', '.', '.', '.', '.', '.'], ['.', '.', '.', '.', '.', '.', '.', 'p'], ['v', 'v', 'v', 'v', 'v', 'v', 'v', '.'], ['v', 'v', 'v', 'v', 'k', 'v', 'v', 'v']]",white,"[True, True, True, True]",25.0
2,"[['V', 'V', 'V', 'V', 'K', 'V', 'V', 'V'], ['V', 'V', '.', 'V', 'V', 'V', 'V', 'V'], ['.', '.', 'Q', '.', '.', '.', '.', '.'], ['.', '.', '.', '.', '.', '.', '.', '.'], ['.', '.', '.', '.', '.', '.', '.', '.'], ['.', 'q', '.', '.', '.', '.', '.', 'p'], ['v', '.', 'v', 'v', 'v', 'v', 'v', '.'], ['v', 'v', 'v', 'v', 'k', 'v', 'v', 'v']]",black,"[True, True, True, True]",-521.0
3,"[['V', 'V', 'V', 'V', 'K', 'V', 'V', 'V'], ['V', 'V', '.', 'V', 'V', 'V', 'V', '.'], ['.', '.', 'Q', '.', '.', '.', '.', '.'], ['.', '.', '.', '.', '.', '.', '.', 'R'], ['.', '.', '.', '.', '.', '.', '.', '.'], ['.', 'q', '.', '.', '.', '.', '.', 'p'], ['v', '.', 'v', 'v', 'v', 'v', 'v', '.'], ['v', 'v', 'v', 'v', 'k', 'v', 'v', 'v']]",white,"[True, True, True, True]",-935.0
4,"[['V', 'V', 'V', 'V', 'K', 'V', 'V', 'V'], ['V', 'V', '.', 'V', 'V', 'V', 'V', '.'], ['.', 'q', 'Q', '.', '.', '.', '.', '.'], ['.', '.', '.', '.', '.', '.', '.', 'R'], ['.', '.', '.', '.', '.', '.', '.', '.'], ['.', '.', '.', '.', '.', '.', '.', 'p'], ['v', '.', 'v', 'v', 'v', 'v', 'v', '.'], ['v', 'v', 'v', 'v', 'k', 'v', 'v', 'v']]",black,"[True, True, True, True]",-1159.0
5,"[['V', 'V', 'V', 'V', 'K', 'V', 'V', 'V'], ['.', 'V', '.', 'V', 'V', 'V', 'V', '.'], ['.', 'N', 'Q', '.', '.', '.', '.', '.'], ['.', '.', '.', '.', '.', '.', '.', 'R'], ['.', '.', '.', '.', '.', '.', '.', '.'], ['.', '.', '.', '.', '.', '.', '.', 'p'], ['v', '.', 'v', 'v', 'v', 'v', 'v', '.'], ['v', 'v', 'v', 'v', 'k', 'v', 'v', 'v']]",white,"[True, True, True, True]",-1389.0
6,"[['V', 'V', 'V', 'V', 'K', 'V', 'V', 'V'], ['.', 'V', '.', 'V', 'V', 'V', 'V', '.'], ['.', 'N', 'Q', '.', '.', '.', '.', '.'], ['.', '.', '.', '.', '.', '.', '.', 'R'], ['.', '.', '.', '.', '.', 'p', '.', '.'], ['.', '.', '.', '.', '.', '.', '.', 'p'], ['v', '.', 'v', 'v', 'v', '.', 'v', '.'], ['v', 'v', 'v', 'v', 'k', 'v', 'v', 'v']]",black,"[True, True, True, True]",-1359.0
7,"[['V', 'V', 'V', 'V', 'K', 'V', 'V', 'V'], ['.', 'V', '.', '.', 'V', 'V', 'V', '.'], ['.', 'N', 'Q', '.', '.', '.', '.', '.'], ['.', '.', '.', 'R', '.', '.', '.', 'R'], ['.', '.', '.', '.', '.', 'p', '.', '.'], ['.', '.', '.', '.', '.', '.', '.', 'p'], ['v', '.', 'v', 'v', 'v', '.', 'v', '.'], ['v', 'v', 'v', 'v', 'k', 'v', 'v', 'v']]",white,"[True, True, True, True]",-1474.0
8,"[['V', 'V', 'V', 'V', 'K', 'V', 'V', 'V'], ['.', 'V', '.', '.', 'V', 'V', 'V', '.'], ['.', 'N', 'Q', '.', '.', '.', '.', '.'], ['.', '.', '.', 'R', '.', '.', '.', 'R'], ['.', '.', '.', '.', '.', 'p', 'p', '.'], ['.', '.', '.', '.', '.', '.', '.', 'p'], ['v', '.', 'v', 'v', 'v', '.', '.', '.'], ['v', 'v', 'v', 'v', 'k', 'v', 'v', 'v']]",black,"[True, True, True, True]",-1564.0
9,"[['V', 'V', 'V', 'V', 'K', 'V', 'V', 'V'], ['.', 'V', '.', '.', 'V', 'V', 'V', '.'], ['.', 'N', 'Q', '.', '.', '.', '.', '.'], ['.', '.', '.', 'R', '.', '.', 'R', '.'], ['.', '.', '.', '.', '.', 'p', 'p', '.'], ['.', '.', '.', '.', '.', '.', '.', 'p'], ['v', '.', 'v', 'v', 'v', '.', '.', '.'], ['v', 'v', 'v', 'v', 'k', 'v', 'v', 'v']]",white,"[True, True, True, True]",-1519.0
10,"[['V', 'V', 'V', 'V', 'K', 'V', 'V', 'V'], ['.', 'V', '.', '.', 'V', 'V', 'V', '.'], ['.', 'N', 'Q', '.', '.', '.', '.', '.'], ['.', '.', '.', 'R', '.', 'p', 'R', '.'], ['.', '.', '.', '.', '.', '.', 'p', '.'], ['.', '.', '.', '.', '.', '.', '.', 'p'], ['v', '.', 'v', 'v', 'v', '.', '.', '.'], ['v', 'v', 'v', 'v', 'k', 'v', 'v', 'v']]",black,"[True, True, True, True]",-inf
11,"[['V', 'V', 'V', 'V', 'K', 'V', 'V', 'V'], ['V', 'V', 'V', 'V', 'V', 'V', 'V', 'V'], ['.', '.', '.', '.', '.', '.', '.', '.'], ['.', '.', '.', '.', '.', '.', '.', '.'], ['.', '.', '.', '.', '.', '.', '.', '.'], ['.', '.', '.', '.', '.', '.', '.', '.'], ['v', 'v', 'v', 'v', 'v', 'v', 'v', 'v'], ['v', 'v', 'v', 'v', 'k', 'v', 'v', 'v']]",white,"[True, True, True, True]",-3.0
12,"[['V', 'V', 'V', 'V', 'K', 'V', 'V', 'V'], ['V', 'V', 'V', 'V', 'V', 'V', 'V', 'V'], ['.', '.', '.', '.', '.', '.', '.', '.'], ['.', '.', '.', '.', '.', '.', '.', '.'], ['.', 'p', '.', '.', '.', '.', '.', '.'], ['.', '.', '.', '.', '.', '.', '.', '.'], ['v', '.', 'v', 'v', 'v', 'v', 'v', 'v'], ['v', 'v', 'v', 'v', 'k', 'v', 'v', 'v']]",black,"[True, True, True, True]",-609.0
13,"[['V', 'V', 'V', 'V', 'K', 'V', 'V', 'V'], ['V', 'V', 'V', 'V', 'V', 'V', 'V', '.'], ['.', '.', '.', '.', '.', '.', '.', 'R'], ['.', '.', '.', '.', '.', '.', '.', '.'], ['.', 'p', '.', '.', '.', '.', '.', '.'], ['.', '.', '.', '.', '.', '.', '.', '.'], ['v', '.', 'v', 'v', 'v', 'v', 'v', 'v'], ['v', 'v', 'v', 'v', 'k', 'v', 'v', 'v']]",white,"[True, True, True, True]",-64.0
14,"[['V', 'V', 'V', 'V', 'K', 'V', 'V', 'V'], ['V', 'V', 'V', 'V', 'V', 'V', 'V', '.'], ['.', '.', '.', '.', '.', '.', '.', 'R'], ['.', '.', '.', '.', '.', '.', '.', '.'], ['.', 'p', '.', '.', '.', '.', '.', '.'], ['.', '.', '.', 'r', '.', '.', '.', '.'], ['v', '.', 'v', '.', 'v', 'v', 'v', 'v'], ['v', 'v', 'v', 'v', 'k', 'v', 'v', 'v']]",black,"[True, True, True, True]",-313.0
15,"[['V', 'V', 'V', 'V', 'K', 'V', 'V', 'V'], ['.', 'V', 'V', 'V', 'V', 'V', 'V', '.'], ['N', '.', '.', '.', '.', '.', '.', 'R'], ['.', '.', '.', '.', '.', '.', '.', '.'], ['.', 'p', '.', '.', '.', '.', '.', '.'], ['.', '.', '.', 'r', '.', '.', '.', '.'], ['v', '.', 'v', '.', 'v', 'v', 'v', 'v'], ['v', 'v', 'v', 'v', 'k', 'v', 'v', 'v']]",white,"[True, True, True, True]",0.0
16,"[['V', 'V', 'V', 'V', 'K', 'V', 'V', 'V'], ['.', 'V', 'V', 'V', 'V', 'V', 'V', '.'], ['N', '.', '.', '.', '.', '.', '.', 'R'], ['.', '.', '.', '.', '.', '.', 'p', '.'], ['.', 'p', '.', '.', '.', '.', '.', '.'], ['.', '.', '.', 'r', '.', '.', '.', '.'], ['v', '.', 'v', '.', 'v', 'v', 'v', 'v'], ['v', 'v', '.', 'v', 'k', 'v', 'v', 'v']]",black,"[True, True, True, True]",-778.0
17,"[['.', 'V', 'V', 'V', 'K', 'V', 'V', 'V'], ['Q', 'V', 'V', 'V', 'V', 'V', 'V', '.'], ['N', '.', '.', '.', '.', '.', '.', 'R'], ['.', '.', '.', '.', '.', '.', 'p', '.'], ['.', 'p', '.', '.', '.', '.', '.', '.'], ['.', '.', '.', 'r', '.', '.', '.', '.'], ['v', '.', 'v', '.', 'v', 'v', 'v', 'v'], ['v', 'v', '.', 'v', 'k', 'v', 'v', 'v']]",white,"[True, True, True, False]",-671.0
18,"[['.', 'V', 'V', 'V', 'K', 'V', 'V', 'V'], ['Q', 'V', 'V', 'V', 'V', 'V', 'V', '.'], ['N', '.', '.', '.', '.', '.', '.', 'R'], ['.', '.', '.', '.', '.', '.', 'p', '.'], ['.', 'p', '.', '.', '.', 'b', '.', '.'], ['.', '.', '.', 'r', '.', '.', '.', '.'], ['v', '.', 'v', '.', 'v', '.', 'v', 'v'], ['v', 'v', '.', 'v', 'k', 'v', 'v', 'v']]",black,"[True, True, True, False]",-737.0
19,"[['.', 'V', 'V', 'V', 'K', 'V', 'V', 'V'], ['Q', 'V', 'V', 'V', 'V', 'V', 'V', 'R'], ['N', '.', '.', '.', '.', '.', '.', '.'], ['.', '.', '.', '.', '.', '.', 'p', '.'], ['.', 'p', '.', '.', '.', 'b', '.', '.'], ['.', '.', '.', 'r', '.', '.', '.', '.'], ['v', '.', 'v', '.', 'v', '.', 'v', 'v'], ['v', 'v', '.', 'v', 'k', 'v', 'v', 'v']]",white,"[True, True, True, False]",-610.0
20,"[['.', 'V', 'V', 'V', 'K', 'V', 'V', 'V'], ['Q', 'V', 'V', 'V', 'V', 'V', 'V', 'R'], ['N', '.', '.', '.', '.', '.', '.', '.'], ['.', '.', '.', '.', 'b', '.', 'p', '.'], ['.', 'p', '.', '.', '.', '.', '.', '.'], ['.', '.', '.', 'r', '.', '.', '.', '.'], ['v', '.', 'v', '.', 'v', '.', 'v', 'v'], ['v', 'v', '.', 'v', 'k', 'v', 'v', 'v']]",black,"[True, True, True, False]",-835.0
21,"[['.', 'V', 'V', 'V', 'K', 'V', 'V', 'V'], ['Q', 'V', 'V', '.', 'V', 'V', 'V', 'R'], ['N', '.', '.', 'N', '.', '.', '.', '.'], ['.', '.', '.', '.', 'b', '.', 'p', '.'], ['.', 'p', '.', '.', '.', '.', '.', '.'], ['.', '.', '.', 'r', '.', '.', '.', '.'], ['v', '.', 'v', '.', 'v', '.', 'v', 'v'], ['v', 'v', '.', 'v', 'k', 'v', 'v', 'v']]",white,"[True, True, True, False]",0.0
22,"[['.', 'V', 'V', 'V', 'K', 'V', 'V', 'V'], ['Q', 'V', 'V', '.', 'V', 'V', 'V', 'R'], ['N', '.', '.', 'N', '.', '.', '.', '.'], ['.', '.', '.', '.', '.', '.', 'p', '.'], ['.', 'p', '.', '.', '.', '.', '.', '.'], ['.', '.', '.', 'r', '.', '.', 'b', '.'], ['v', '.', 'v', '.', 'v', '.', 'v', 'v'], ['v', 'v', '.', 'v', 'k', 'v', 'v', 'v']]",black,"[True, True, True, False]",-872.0
23,"[['.', 'V', '.', 'V', 'K', 'V', 'V', 'V'], ['Q', 'V', 'V', 'R', 'V', 'V', 'V', 'R'], ['N', '.', '.', 'N', '.', '.', '.', '.'], ['.', '.', '.', '.', '.', '.', 'p', '.'], ['.', 'p', '.', '.', '.', '.', '.', '.'], ['.', '.', '.', 'r', '.', '.', 'b', '.'], ['v', '.', 'v', '.', 'v', '.', 'v', 'v'], ['v', 'v', '.', 'v', 'k', 'v', 'v', 'v']]",white,"[True, True, True, False]",-863.0
24,"[['.', 'V', '.', 'V', 'K', 'V', 'V', 'V'], ['Q', 'V', 'V', 'R', 'V', 'V', 'V', 'R'], ['N', '.', '.', 'N', '.', '.', '.', '.'], ['.', '.', '.', '.', '.', '.', 'p', '.'], ['.', 'p', '.', '.', '.', '.', '.', '.'], ['.', '.', '.', 'r', '.', '.', '.', '.'], ['v', '.', 'v', '.', 'v', 'b', 'v', 'v'], ['v', 'v', '.', 'v', 'k', 'v', 'v', 'v']]",black,"[True, True, True, False]",-864.0
25,"[['.', 'V', '.', 'V', 'K', 'V', 'V', 'V'], ['Q', 'V', '.', 'R', 'V', 'V', 'V', 'R'], ['N', '.', '.', 'N', '.', '.', '.', '.'], ['.', '.', 'P', '.', '.', '.', 'p', '.'], ['.', 'p', '.', '.', '.', '.', '.', '.'], ['.', '.', '.', 'r', '.', '.', '.', '.'], ['v', '.', 'v', '.', 'v', 'b', 'v', 'v'], ['v', 'v', '.', 'v', 'k', 'v', 'v', 'v']]",white,"[True, True, True, False]",-1064.0
26,"[['.', 'V', '.', 'V', 'K', 'V', 'V', 'V'], ['Q', 'V', '.', 'R', 'V', 'V', 'V', 'R'], ['N', '.', '.', 'N', '.', '.', '.', '.'], ['.', '.', 'P', '.', '.', '.', 'p', '.'], ['.', 'p', '.', '.', '.', '.', '.', '.'], ['.', '.', '.', 'r', '.', '.', '.', 'p'], ['v', '.', 'v', '.', 'v', 'b', 'v', 'v'], ['v', 'v', '.', 'v', 'k', 'v', '.', 'v']]",black,"[True, True, True, False]",-1115.0
27,"[['.', 'V', '.', 'V', 'K', 'V', 'V', 'V'], ['Q', 'V', '.', 'R', 'V', 'V', 'V', 'R'], ['.', '.', '.', 'N', '.', '.', '.', '.'], ['.', '.', 'P', '.', '.', '.', 'p', '.'], ['.', 'N', '.', '.', '.', '.', '.', '.'], ['.', '.', '.', 'r', '.', '.', '.', 'p'], ['v', '.', 'v', '.', 'v', 'b', 'v', 'v'], ['v', 'v', '.', 'v', 'k', 'v', '.', 'v']]",white,"[True, True, True, False]",-1269.0
28,"[['.', 'V', '.', 'V', 'K', 'V', 'V', 'V'], ['Q', 'V', '.', 'R', 'V', 'V', 'V', 'R'], ['.', '.', '.', 'N', '.', '.', '.', '.'], ['.', '.', 'P', '.', '.', '.', 'p', '.'], ['.', 'N', '.', '.', '.', '.', '.', '.'], ['.', '.', 'p', 'r', '.', '.', '.', 'p'], ['v', '.', 'v', '.', 'v', 'b', 'v', 'v'], ['v', '.', '.', 'v', 'k', 'v', '.', 'v']]",black,"[True, True, True, False]",-1290.0
29,"[['.', 'V', '.', 'V', 'K', 'V', 'V', 'V'], ['Q', 'V', '.', 'R', 'V', 'V', 'V', 'R'], ['.', '.', '.', 'N', '.', '.', '.', '.'], ['.', '.', 'P', '.', '.', '.', 'p', '.'], ['.', '.', '.', '.', '.', '.', '.', '.'], ['.', '.', 'p', 'N', '.', '.', '.', 'p'], ['v', '.', 'v', '.', 'v', 'b', 'v', 'v'], ['v', '.', '.', 'v', 'k', 'v', '.', 'v']]",white,"[True, True, True, False]",-1941.0
30,"[['.', 'V', '.', 'V', 'K', 'V', 'V', 'V'], ['Q', 'V', '.', 'R', 'V', 'V', 'V', 'R'], ['.', '.', '.', 'N', '.', '.', '.', '.'], ['.', '.', 'P', '.', '.', '.', 'p', '.'], ['.', '.', '.', '.', '.', '.', '.', '.'], ['.', '.', 'p', 'b', '.', '.', '.', 'p'], ['v', '.', 'v', '.', 'v', 'b', 'v', 'v'], ['v', '.', '.', '.', 'k', 'v', '.', 'v']]",black,"[True, True, True, False]",-1978.0
31,"[['.', 'V', '.', 'V', 'K', 'V', 'V', 'V'], ['.', 'V', '.', 'R', 'V', 'V', 'V', 'R'], ['.', '.', '.', 'N', '.', '.', '.', '.'], ['Q', '.', 'P', '.', '.', '.', 'p', '.'], ['.', '.', '.', '.', '.', '.', '.', '.'], ['.', '.', 'p', 'b', '.', '.', '.', 'p'], ['v', '.', 'v', '.', 'v', 'b', 'v', 'v'], ['v', '.', '.', '.', 'k', 'v', '.', 'v']]",white,"[True, True, True, False]",0.0
32,"[['.', 'V', '.', 'V', 'K', 'V', 'V', 'V'], ['.', 'V', '.', 'R', 'V', 'V', 'V', 'R'], ['.', '.', '.', 'N', '.', '.', 'p', '.'], ['Q', '.', 'P', '.', '.', '.', '.', '.'], ['.', '.', '.', '.', '.', '.', '.', '.'], ['.', '.', 'p', 'b', '.', '.', '.', 'p'], ['v', '.', 'v', '.', 'v', 'b', 'v', 'v'], ['v', '.', '.', '.', 'k', 'v', '.', 'v']]",black,"[True, True, True, False]",-1957.0
33,"[['.', 'V', '.', 'V', 'K', 'V', 'V', 'V'], ['.', 'V', '.', 'R', 'V', 'V', 'V', 'R'], ['.', '.', '.', '.', '.', '.', 'p', '.'], ['Q', '.', 'P', '.', '.', '.', '.', '.'], ['.', '.', '.', '.', 'N', '.', '.', '.'], ['.', '.', 'p', 'b', '.', '.', '.', 'p'], ['v', '.', 'v', '.', 'v', 'b', 'v', 'v'], ['v', '.', '.', '.', 'k', 'v', '.', 'v']]",white,"[True, True, True, False]",-2285.0
34,"[['.', 'V', '.', 'V', 'K', 'V', 'V', 'V'], ['.', 'V', '.', 'R', 'V', 'V', 'V', 'R'], ['.', '.', '.', '.', '.', '.', 'p', '.'], ['Q', '.', 'P', '.', '.', '.', '.', '.'], ['.', '.', '.', '.', 'N', '.', '.', '.'], ['.', '.', 'p', 'b', '.', '.', '.', 'p'], ['v', '.', 'v', '.', 'v', 'b', 'v', 'v'], ['v', '.', '.', 'k', '.', 'v', '.', 'v']]",black,"[False, False, True, False]",-2322.0
35,"[['.', 'V', '.', 'V', 'K', 'V', 'V', 'V'], ['.', 'V', '.', 'R', 'V', 'V', 'V', 'R'], ['.', '.', '.', '.', '.', '.', 'p', '.'], ['.', '.', 'P', '.', '.', '.', '.', '.'], ['.', '.', '.', '.', 'N', '.', '.', '.'], ['.', '.', 'Q', 'b', '.', '.', '.', 'p'], ['v', '.', 'v', '.', 'v', 'b', 'v', 'v'], ['v', '.', '.', 'k', '.', 'v', '.', 'v']]",white,"[False, False, True, False]",0.0
36,"[['.', 'V', '.', 'V', 'K', 'V', 'V', 'V'], ['.', 'V', '.', 'R', 'V', 'V', 'V', 'R'], ['.', '.', '.', '.', '.', '.', 'p', '.'], ['.', '.', 'P', '.', '.', '.', '.', '.'], ['.', '.', '.', '.', 'N', '.', '.', '.'], ['.', '.', 'Q', 'b', '.', '.', 'p', 'p'], ['v', '.', 'v', '.', 'v', 'b', '.', 'v'], ['v', '.', '.', 'k', '.', 'v', '.', 'v']]",black,"[False, False, True, False]",-inf
37,"[['V', 'V', 'V', 'V', 'K', 'V', 'V', 'V'], ['V', 'V', 'V', 'V', 'V', 'V', 'V', 'V'], ['.', '.', '.', '.', '.', '.', '.', '.'], ['.', '.', '.', '.', '.', '.', '.', '.'], ['.', '.', '.', '.', '.', '.', '.', '.'], ['.', '.', '.', '.', '.', '.', '.', '.'], ['v', 'v', 'v', 'v', 'v', 'v', 'v', 'v'], ['v', 'v', 'v', 'v', 'k', 'v', 'v', 'v']]",white,"[True, True, True, True]",658.0
38,"[['V', 'V', 'V', 'V', 'K', 'V', 'V', 'V'], ['V', 'V', 'V', 'V', 'V', 'V', 'V', 'V'], ['.', '.', '.', '.', '.', '.', '.', '.'], ['.', '.', '.', '.', '.', '.', '.', '.'], ['.', '.', '.', '.', '.', '.', '.', '.'], ['.', '.', '.', '.', 'q', '.', '.', '.'], ['v', 'v', 'v', 'v', '.', 'v', 'v', 'v'], ['v', 'v', 'v', 'v', 'k', 'v', 'v', 'v']]",black,"[True, True, True, True]",0.0
39,"[['V', 'V', 'V', 'V', 'K', 'V', 'V', 'V'], ['V', 'V', 'V', 'V', 'V', '.', 'V', 'V'], ['.', '.', '.', '.', '.', 'B', '.', '.'], ['.', '.', '.', '.', '.', '.', '.', '.'], ['.', '.', '.', '.', '.', '.', '.', '.'], ['.', '.', '.', '.', 'q', '.', '.', '.'], ['v', 'v', 'v', 'v', '.', 'v', 'v', 'v'], ['v', 'v', 'v', 'v', 'k', 'v', 'v', 'v']]",white,"[True, True, True, True]",651.0
40,"[['V', 'V', 'V', 'V', 'K', 'V', 'V', 'V'], ['V', 'V', 'V', 'V', 'V', '.', 'V', 'V'], ['.', '.', '.', '.', '.', 'B', '.', '.'], ['.', '.', '.', '.', '.', '.', '.', '.'], ['.', '.', '.', '.', '.', '.', 'b', '.'], ['.', '.', '.', '.', 'q', '.', '.', '.'], ['v', 'v', 'v', 'v', '.', 'v', '.', 'v'], ['v', 'v', 'v', 'v', 'k', 'v', 'v', 'v']]",black,"[True, True, True, True]",0.0
41,"[['V', 'V', 'V', 'V', 'K', 'V', 'V', 'V'], ['.', 'V', 'V', 'V', 'V', '.', 'V', 'V'], ['.', '.', '.', '.', '.', 'B', '.', '.'], ['N', '.', '.', '.', '.', '.', '.', '.'], ['.', '.', '.', '.', '.', '.', 'b', '.'], ['.', '.', '.', '.', 'q', '.', '.', '.'], ['v', 'v', 'v', 'v', '.', 'v', '.', 'v'], ['v', 'v', 'v', 'v', 'k', 'v', 'v', 'v']]",white,"[True, True, True, True]",516.0
42,"[['V', 'V', 'V', 'V', 'K', 'V', 'V', 'V'], ['.', 'V', 'V', 'V', 'V', '.', 'V', 'V'], ['.', '.', '.', '.', '.', 'B', '.', '.'], ['N', '.', '.', '.', '.', '.', '.', '.'], ['.', '.', '.', '.', '.', '.', 'b', '.'], ['p', '.', '.', '.', 'q', '.', '.', '.'], ['.', 'v', 'v', 'v', '.', 'v', '.', 'v'], ['v', 'v', 'v', 'v', 'k', 'v', 'v', 'v']]",black,"[True, True, True, True]",0.0
43,"[['V', '.', 'V', 'V', 'K', 'V', 'V', 'V'], ['.', 'V', 'V', 'V', 'V', '.', 'V', 'V'], ['.', '.', 'P', '.', '.', 'B', '.', '.'], ['N', '.', '.', '.', '.', '.', '.', '.'], ['.', '.', '.', '.', '.', '.', 'b', '.'], ['p', '.', '.', '.', 'q', '.', '.', '.'], ['.', 'v', 'v', 'v', '.', 'v', '.', 'v'], ['v', 'v', 'v', 'v', 'k', 'v', 'v', 'v']]",white,"[True, True, True, True]",872.0
44,"[['V', '.', 'V', 'V', 'K', 'V', 'V', 'V'], ['.', 'V', 'V', 'V', 'V', '.', 'V', 'V'], ['.', '.', 'P', '.', '.', 'B', '.', '.'], ['N', '.', '.', '.', '.', '.', '.', '.'], ['.', '.', '.', '.', '.', '.', 'b', '.'], ['p', '.', '.', 'n', 'q', '.', '.', '.'], ['.', 'v', 'v', '.', '.', 'v', '.', 'v'], ['v', 'v', 'v', 'v', 'k', 'v', 'v', 'v']]",black,"[True, True, True, True]",0.0
45,"[['V', '.', 'V', 'V', 'K', 'V', 'V', 'V'], ['.', 'V', 'V', 'V', '.', '.', 'V', 'V'], ['.', '.', 'P', '.', 'P', 'B', '.', '.'], ['N', '.', '.', '.', '.', '.', '.', '.'], ['.', '.', '.', '.', '.', '.', 'b', '.'], ['p', '.', '.', 'n', 'q', '.', '.', '.'], ['.', 'v', 'v', '.', '.', 'v', '.', 'v'], ['v', 'v', 'v', 'v', 'k', 'v', 'v', 'v']]",white,"[True, True, True, True]",0.0
46,"[['V', '.', 'V', 'V', 'K', 'V', 'V', 'V'], ['.', 'V', 'V', 'V', '.', '.', 'V', 'V'], ['.', '.', 'P', '.', 'P', 'B', '.', '.'], ['N', '.', '.', '.', '.', '.', '.', '.'], ['.', '.', '.', '.', '.', '.', 'b', '.'], ['p', '.', '.', 'n', 'q', '.', '.', '.'], ['.', 'v', 'v', 'r', '.', 'v', '.', 'v'], ['v', 'v', 'v', '.', 'k', 'v', 'v', 'v']]",black,"[True, True, True, True]",-364.0
47,"[['V', '.', 'V', 'V', 'K', 'V', 'V', 'V'], ['.', 'V', 'V', 'V', '.', '.', '.', 'V'], ['.', '.', 'P', '.', 'P', 'B', 'Q', '.'], ['N', '.', '.', '.', '.', '.', '.', '.'], ['.', '.', '.', '.', '.', '.', 'b', '.'], ['p', '.', '.', 'n', 'q', '.', '.', '.'], ['.', 'v', 'v', 'r', '.', 'v', '.', 'v'], ['v', 'v', 'v', '.', 'k', 'v', 'v', 'v']]",white,"[True, True, True, True]",-633.0
48,"[['V', '.', 'V', 'V', 'K', 'V', 'V', 'V'], ['.', 'V', 'V', 'V', '.', '.', '.', 'V'], ['.', '.', 'P', '.', 'P', 'B', 'Q', '.'], ['N', '.', '.', '.', '.', '.', '.', '.'], ['.', '.', '.', '.', '.', '.', 'b', '.'], ['p', '.', '.', 'n', 'q', '.', '.', '.'], ['.', 'v', 'v', '.', 'r', 'v', '.', 'v'], ['v', 'v', 'v', '.', 'k', 'v', 'v', 'v']]",black,"[True, True, True, True]",-673.0
49,"[['V', '.', 'V', 'V', 'K', 'V', 'V', 'V'], ['.', 'V', 'V', 'V', '.', '.', '.', 'V'], ['.', '.', 'P', '.', 'P', 'B', '.', '.'], ['N', '.', '.', '.', '.', '.', '.', '.'], ['.', '.', '.', '.', '.', '.', 'Q', '.'], ['p', '.', '.', 'n', 'q', '.', '.', '.'], ['.', 'v', 'v', '.', 'r', 'v', '.', 'v'], ['v', 'v', 'v', '.', 'k', 'v', 'v', 'v']]",white,"[True, True, True, True]",0.0
50,"[['V', '.', 'V', 'V', 'K', 'V', 'V', 'V'], ['.', 'V', 'V', 'V', '.', '.', '.', 'V'], ['.', '.', 'P', '.', 'P', 'B', '.', '.'], ['N', '.', '.', '.', 'n', '.', '.', '.'], ['.', '.', '.', '.', '.', '.', 'Q', '.'], ['p', '.', '.', '.', 'q', '.', '.', '.'], ['.', 'v', 'v', '.', 'r', 'v', '.', 'v'], ['v', 'v', 'v', '.', 'k', 'v', 'v', 'v']]",black,"[True, True, True, True]",-831.0
51,"[['V', '.', 'V', 'V', 'K', 'V', 'V', 'V'], ['.', 'V', 'V', '.', '.', '.', '.', 'V'], ['.', '.', 'P', '.', 'P', 'B', '.', '.'], ['N', '.', '.', 'R', 'n', '.', '.', '.'], ['.', '.', '.', '.', '.', '.', 'Q', '.'], ['p', '.', '.', '.', 'q', '.', '.', '.'], ['.', 'v', 'v', '.', 'r', 'v', '.', 'v'], ['v', 'v', 'v', '.', 'k', 'v', 'v', 'v']]",white,"[True, True, True, True]",0.0
52,"[['V', '.', 'V', 'V', 'K', 'V', 'V', 'V'], ['.', 'V', 'V', '.', '.', '.', '.', 'V'], ['.', '.', 'n', '.', 'P', 'B', '.', '.'], ['N', '.', '.', 'R', '.', '.', '.', '.'], ['.', '.', '.', '.', '.', '.', 'Q', '.'], ['p', '.', '.', '.', 'q', '.', '.', '.'], ['.', 'v', 'v', '.', 'r', 'v', '.', 'v'], ['v', 'v', 'v', '.', 'k', 'v', 'v', 'v']]",black,"[True, True, True, True]",-inf
53,"[['V', 'V', 'V', 'V', 'K', 'V', 'V', 'V'], ['V', 'V', 'V', 'V', 'V', 'V', 'V', 'V'], ['.', '.', '.', '.', '.', '.', '.', '.'], ['.', '.', '.', '.', '.', '.', '.', '.'], ['.', '.', '.', '.', '.', '.', '.', '.'], ['.', '.', '.', '.', '.', '.', '.', '.'], ['v', 'v', 'v', 'v', 'v', 'v', 'v', 'v'], ['v', 'v', 'v', 'v', 'k', 'v', 'v', 'v']]",white,"[True, True, True, True]",614.0
54,"[['V', 'V', 'V', 'V', 'K', 'V', 'V', 'V'], ['V', 'V', 'V', 'V', 'V', 'V', 'V', 'V'], ['.', '.', '.', '.', '.', '.', '.', '.'], ['.', '.', '.', '.', '.', '.', '.', '.'], ['.', '.', '.', '.', '.', '.', '.', '.'], ['.', '.', '.', 'q', '.', '.', '.', '.'], ['v', 'v', 'v', '.', 'v', 'v', 'v', 'v'], ['v', 'v', 'v', 'v', 'k', 'v', 'v', 'v']]",black,"[True, True, True, True]",0.0
55,"[['V', '.', 'V', 'V', 'K', 'V', 'V', 'V'], ['V', 'V', 'V', 'V', 'V', 'V', 'V', 'V'], ['.', '.', 'R', '.', '.', '.', '.', '.'], ['.', '.', '.', '.', '.', '.', '.', '.'], ['.', '.', '.', '.', '.', '.', '.', '.'], ['.', '.', '.', 'q', '.', '.', '.', '.'], ['v', 'v', 'v', '.', 'v', 'v', 'v', 'v'], ['v', 'v', 'v', 'v', 'k', 'v', 'v', 'v']]",white,"[True, True, True, True]",803.0
56,"[['V', '.', 'V', 'V', 'K', 'V', 'V', 'V'], ['V', 'V', 'V', 'V', 'V', 'V', 'V', 'V'], ['.', '.', 'R', '.', '.', '.', '.', '.'], ['.', '.', '.', '.', '.', '.', '.', '.'], ['.', '.', '.', '.', '.', '.', '.', '.'], ['.', '.', '.', 'q', '.', 'p', '.', '.'], ['v', 'v', 'v', '.', 'v', 'v', 'v', 'v'], ['v', 'v', 'v', 'v', 'k', 'v', '.', 'v']]",black,"[True, True, True, True]",-654.0
57,"[['V', '.', 'V', 'V', 'K', 'V', 'V', 'V'], ['V', 'V', 'V', '.', 'V', 'V', 'V', 'V'], ['.', '.', 'R', 'Q', '.', '.', '.', '.'], ['.', '.', '.', '.', '.', '.', '.', '.'], ['.', '.', '.', '.', '.', '.', '.', '.'], ['.', '.', '.', 'q', '.', 'p', '.', '.'], ['v', 'v', 'v', '.', 'v', 'v', 'v', 'v'], ['v', 'v', 'v', 'v', 'k', 'v', '.', 'v']]",white,"[True, True, True, True]",0.0
58,"[['V', '.', 'V', 'V', 'K', 'V', 'V', 'V'], ['V', 'V', 'V', '.', 'V', 'V', 'V', 'V'], ['.', '.', 'R', 'Q', '.', '.', '.', '.'], ['.', 'q', '.', '.', '.', '.', '.', '.'], ['.', '.', '.', '.', '.', '.', '.', '.'], ['.', '.', '.', '.', '.', 'p', '.', '.'], ['v', 'v', 'v', '.', 'v', 'v', 'v', 'v'], ['v', 'v', 'v', 'v', 'k', 'v', '.', 'v']]",black,"[True, True, True, True]",-inf
59,"[['V', 'V', 'V', 'V', 'K', 'V', 'V', 'V'], ['V', 'V', 'V', 'V', 'V', 'V', 'V', 'V'], ['.', '.', '.', '.', '.', '.', '.', '.'], ['.', '.', '.', '.', '.', '.', '.', '.'], ['.', '.', '.', '.', '.', '.', '.', '.'], ['.', '.', '.', '.', '.', '.', '.', '.'], ['v', 'v', 'v', 'v', 'v', 'v', 'v', 'v'], ['v', 'v', 'v', 'v', 'k', 'v', 'v', 'v']]",white,"[True, True, True, True]",565.0
60,"[['V', 'V', 'V', 'V', 'K', 'V', 'V', 'V'], ['V', 'V', 'V', 'V', 'V', 'V', 'V', 'V'], ['.', '.', '.', '.', '.', '.', '.', '.'], ['.', '.', '.', '.', '.', '.', '.', '.'], ['.', '.', '.', '.', '.', '.', '.', '.'], ['.', '.', 'n', '.', '.', '.', '.', '.'], ['v', 'v', '.', 'v', 'v', 'v', 'v', 'v'], ['v', 'v', 'v', 'v', 'k', 'v', 'v', 'v']]",black,"[True, True, True, True]",-407.0
61,"[['V', 'V', 'V', 'V', 'K', 'V', 'V', 'V'], ['V', 'V', '.', 'V', 'V', 'V', 'V', 'V'], ['.', '.', '.', '.', '.', '.', '.', '.'], ['.', '.', 'Q', '.', '.', '.', '.', '.'], ['.', '.', '.', '.', '.', '.', '.', '.'], ['.', '.', 'n', '.', '.', '.', '.', '.'], ['v', 'v', '.', 'v', 'v', 'v', 'v', 'v'], ['v', 'v', 'v', 'v', 'k', 'v', 'v', 'v']]",white,"[True, True, True, True]",-488.0
62,"[['V', 'V', 'V', 'V', 'K', 'V', 'V', 'V'], ['V', 'V', '.', 'V', 'V', 'V', 'V', 'V'], ['.', '.', '.', '.', '.', '.', '.', '.'], ['.', '.', 'Q', '.', '.', '.', '.', '.'], ['.', '.', '.', '.', '.', 'p', '.', '.'], ['.', '.', 'n', '.', '.', '.', '.', '.'], ['v', 'v', '.', 'v', 'v', '.', 'v', 'v'], ['v', 'v', 'v', 'v', 'k', 'v', 'v', 'v']]",black,"[True, True, True, True]",-656.0
63,"[['V', 'V', 'V', 'V', 'K', 'V', 'V', 'V'], ['.', 'V', '.', 'V', 'V', 'V', 'V', 'V'], ['.', '.', '.', '.', '.', '.', '.', '.'], ['B', '.', 'Q', '.', '.', '.', '.', '.'], ['.', '.', '.', '.', '.', 'p', '.', '.'], ['.', '.', 'n', '.', '.', '.', '.', '.'], ['v', 'v', '.', 'v', 'v', '.', 'v', 'v'], ['v', 'v', 'v', 'v', 'k', 'v', 'v', 'v']]",white,"[True, True, True, True]",0.0
64,"[['V', 'V', 'V', 'V', 'K', 'V', 'V', 'V'], ['.', 'V', '.', 'V', 'V', 'V', 'V', 'V'], ['.', '.', '.', '.', '.', '.', '.', '.'], ['B', '.', 'Q', '.', '.', '.', '.', '.'], ['.', '.', '.', '.', '.', 'p', '.', '.'], ['.', '.', 'n', '.', '.', '.', '.', '.'], ['v', 'v', 'p', 'v', 'v', '.', 'v', 'v'], ['v', 'v', 'v', '.', 'k', 'v', 'v', 'v']]",black,"[True, True, True, True]",-1425.0
65,"[['V', 'V', 'V', 'V', 'K', 'V', 'V', 'V'], ['.', '.', '.', 'V', 'V', 'V', 'V', 'V'], ['.', 'N', '.', '.', '.', '.', '.', '.'], ['B', '.', 'Q', '.', '.', '.', '.', '.'], ['.', '.', '.', '.', '.', 'p', '.', '.'], ['.', '.', 'n', '.', '.', '.', '.', '.'], ['v', 'v', 'p', 'v', 'v', '.', 'v', 'v'], ['v', 'v', 'v', '.', 'k', 'v', 'v', 'v']]",white,"[True, True, True, True]",-1716.0
66,"[['V', 'V', 'V', 'V', 'K', 'V', 'V', 'V'], ['.', '.', '.', 'V', 'V', 'V', 'V', 'V'], ['.', 'N', '.', '.', '.', '.', '.', '.'], ['B', '.', 'Q', '.', '.', '.', '.', '.'], ['n', '.', '.', '.', '.', 'p', '.', '.'], ['.', '.', '.', '.', '.', '.', '.', '.'], ['v', 'v', 'p', 'v', 'v', '.', 'v', 'v'], ['v', 'v', 'v', '.', 'k', 'v', 'v', 'v']]",black,"[True, True, True, True]",-1678.0
67,"[['V', 'V', 'V', 'V', 'K', 'V', 'V', 'V'], ['.', '.', '.', 'V', 'V', 'V', 'V', 'V'], ['.', '.', '.', '.', '.', '.', '.', '.'], ['B', '.', 'Q', '.', '.', '.', '.', '.'], ['N', '.', '.', '.', '.', 'p', '.', '.'], ['.', '.', '.', '.', '.', '.', '.', '.'], ['v', 'v', 'p', 'v', 'v', '.', 'v', 'v'], ['v', 'v', 'v', '.', 'k', 'v', 'v', 'v']]",white,"[True, True, True, True]",-1735.0
68,"[['V', 'V', 'V', 'V', 'K', 'V', 'V', 'V'], ['.', '.', '.', 'V', 'V', 'V', 'V', 'V'], ['.', '.', '.', '.', '.', '.', '.', '.'], ['B', '.', 'Q', '.', '.', '.', '.', '.'], ['N', 'q', '.', '.', '.', 'p', '.', '.'], ['.', '.', '.', '.', '.', '.', '.', '.'], ['v', '.', 'p', 'v', 'v', '.', 'v', 'v'], ['v', 'v', 'v', '.', 'k', 'v', 'v', 'v']]",black,"[True, True, True, True]",-1748.0
69,"[['V', 'V', 'V', 'V', 'K', 'V', 'V', 'V'], ['.', '.', '.', 'V', 'V', 'V', 'V', 'V'], ['.', '.', '.', '.', '.', '.', '.', '.'], ['.', '.', 'Q', '.', '.', '.', '.', '.'], ['N', 'B', '.', '.', '.', 'p', '.', '.'], ['.', '.', '.', '.', '.', '.', '.', '.'], ['v', '.', 'p', 'v', 'v', '.', 'v', 'v'], ['v', 'v', 'v', '.', 'k', 'v', 'v', 'v']]",white,"[True, True, True, True]",-1773.0
70,"[['V', 'V', 'V', 'V', 'K', 'V', 'V', 'V'], ['.', '.', '.', 'V', 'V', 'V', 'V', 'V'], ['.', '.', '.', '.', '.', '.', '.', '.'], ['.', '.', 'Q', '.', '.', '.', '.', '.'], ['N', 'B', '.', '.', '.', 'p', '.', '.'], ['.', '.', '.', '.', '.', '.', 'p', '.'], ['v', '.', 'p', 'v', 'v', '.', '.', 'v'], ['v', 'v', 'v', '.', 'k', 'v', 'v', 'v']]",black,"[True, True, True, True]",-1978.0
71,"[['V', 'V', 'V', 'V', 'K', 'V', 'V', 'V'], ['.', '.', '.', 'V', 'V', 'V', 'V', 'V'], ['.', '.', '.', '.', '.', '.', '.', '.'], ['.', '.', '.', '.', '.', '.', '.', '.'], ['N', 'B', '.', '.', '.', 'p', '.', '.'], ['.', '.', '.', '.', '.', '.', 'p', '.'], ['v', '.', 'Q', 'v', 'v', '.', '.', 'v'], ['v', 'v', 'v', '.', 'k', 'v', 'v', 'v']]",white,"[True, True, True, True]",0.0
72,"[['V', 'V', 'V', 'V', 'K', 'V', 'V', 'V'], ['.', '.', '.', 'V', 'V', 'V', 'V', 'V'], ['.', '.', '.', '.', '.', '.', '.', '.'], ['.', '.', '.', '.', '.', '.', '.', '.'], ['N', 'B', '.', '.', '.', 'p', '.', '.'], ['b', '.', '.', '.', '.', '.', 'p', '.'], ['.', '.', 'Q', 'v', 'v', '.', '.', 'v'], ['v', 'v', 'v', '.', 'k', 'v', 'v', 'v']]",black,"[True, True, True, True]",-1732.0
73,"[['V', 'V', 'V', 'V', 'K', 'V', 'V', 'V'], ['.', '.', '.', 'V', '.', 'V', 'V', 'V'], ['.', '.', '.', '.', 'N', '.', '.', '.'], ['.', '.', '.', '.', '.', '.', '.', '.'], ['N', 'B', '.', '.', '.', 'p', '.', '.'], ['b', '.', '.', '.', '.', '.', 'p', '.'], ['.', '.', 'Q', 'v', 'v', '.', '.', 'v'], ['v', 'v', 'v', '.', 'k', 'v', 'v', 'v']]",white,"[True, True, True, True]",-1859.0
74,"[['V', 'V', 'V', 'V', 'K', 'V', 'V', 'V'], ['.', '.', '.', 'V', '.', 'V', 'V', 'V'], ['.', '.', '.', '.', 'N', '.', '.', '.'], ['.', '.', '.', '.', '.', 'p', '.', '.'], ['N', 'B', '.', '.', '.', '.', '.', '.'], ['b', '.', '.', '.', '.', '.', 'p', '.'], ['.', '.', 'Q', 'v', 'v', '.', '.', 'v'], ['v', 'v', 'v', '.', 'k', 'v', 'v', 'v']]",black,"[True, True, True, True]",-1817.0
75,"[['V', 'V', 'V', 'V', 'K', 'V', 'V', 'V'], ['.', '.', '.', 'V', '.', 'V', 'V', 'V'], ['.', '.', '.', '.', '.', '.', '.', '.'], ['.', '.', '.', '.', '.', 'p', 'N', '.'], ['N', 'B', '.', '.', '.', '.', '.', '.'], ['b', '.', '.', '.', '.', '.', 'p', '.'], ['.', '.', 'Q', 'v', 'v', '.', '.', 'v'], ['v', 'v', 'v', '.', 'k', 'v', 'v', 'v']]",white,"[True, True, True, True]",-1978.0
76,"[['V', 'V', 'V', 'V', 'K', 'V', 'V', 'V'], ['.', '.', '.', 'V', '.', 'V', 'V', 'V'], ['.', '.', '.', '.', '.', '.', '.', '.'], ['.', '.', '.', '.', '.', 'p', 'N', '.'], ['N', 'B', '.', '.', '.', '.', '.', '.'], ['b', '.', '.', '.', 'p', '.', 'p', '.'], ['.', '.', 'Q', 'v', '.', '.', '.', 'v'], ['v', 'v', 'v', '.', 'k', 'v', 'v', 'v']]",black,"[True, True, True, True]",-2053.0
77,"[['V', 'V', 'V', 'V', 'K', 'V', 'V', 'V'], ['.', '.', '.', 'V', '.', 'V', 'V', 'V'], ['.', '.', 'Q', '.', '.', '.', '.', '.'], ['.', '.', '.', '.', '.', 'p', 'N', '.'], ['N', 'B', '.', '.', '.', '.', '.', '.'], ['b', '.', '.', '.', 'p', '.', 'p', '.'], ['.', '.', '.', 'v', '.', '.', '.', 'v'], ['v', 'v', 'v', '.', 'k', 'v', 'v', 'v']]",white,"[True, True, True, True]",-2105.0
78,"[['V', 'V', 'V', 'V', 'K', 'V', 'V', 'V'], ['.', '.', '.', 'V', '.', 'V', 'V', 'V'], ['.', '.', 'Q', '.', '.', '.', '.', '.'], ['.', '.', '.', '.', '.', 'p', 'N', '.'], ['N', 'B', '.', '.', '.', '.', '.', '.'], ['.', '.', '.', '.', 'p', '.', 'p', '.'], ['.', 'b', '.', 'v', '.', '.', '.', 'v'], ['v', 'v', 'v', '.', 'k', 'v', 'v', 'v']]",black,"[True, True, True, True]",-2219.0
79,"[['V', 'V', 'V', 'V', 'K', 'V', 'V', 'V'], ['.', '.', '.', 'V', '.', 'V', 'V', 'V'], ['.', '.', '.', '.', '.', '.', '.', '.'], ['.', '.', '.', '.', '.', 'p', 'N', '.'], ['N', 'B', '.', '.', '.', '.', '.', '.'], ['.', '.', '.', '.', 'p', '.', 'p', '.'], ['.', 'b', '.', 'v', '.', '.', '.', 'v'], ['v', 'v', 'v', '.', 'k', 'v', 'v', 'Q']]",white,"[False, True, True, True]",-2428.0
80,"[['V', 'V', 'V', 'V', 'K', 'V', 'V', 'V'], ['.', '.', '.', 'V', '.', 'V', 'V', 'V'], ['.', '.', '.', '.', '.', '.', '.', '.'], ['.', '.', '.', '.', '.', 'p', 'N', '.'], ['N', 'B', '.', '.', '.', '.', '.', '.'], ['r', '.', '.', '.', 'p', '.', 'p', '.'], ['.', 'b', '.', 'v', '.', '.', '.', 'v'], ['.', 'v', 'v', '.', 'k', 'v', 'v', 'Q']]",black,"[False, False, True, True]",-2510.0
81,"[['V', 'V', 'V', 'V', 'K', 'V', '.', 'V'], ['.', '.', '.', 'V', '.', 'V', 'V', 'V'], ['.', '.', '.', '.', '.', '.', '.', 'P'], ['.', '.', '.', '.', '.', 'p', 'N', '.'], ['N', 'B', '.', '.', '.', '.', '.', '.'], ['r', '.', '.', '.', 'p', '.', 'p', '.'], ['.', 'b', '.', 'v', '.', '.', '.', 'v'], ['.', 'v', 'v', '.', 'k', 'v', 'v', 'Q']]",white,"[False, False, True, True]",-2084.0
82,"[['V', 'V', 'V', 'V', 'K', 'V', '.', 'V'], ['.', '.', '.', 'V', '.', 'V', 'V', 'V'], ['.', '.', '.', '.', '.', 'p', '.', 'P'], ['.', '.', '.', '.', '.', '.', 'N', '.'], ['N', 'B', '.', '.', '.', '.', '.', '.'], ['r', '.', '.', '.', 'p', '.', 'p', '.'], ['.', 'b', '.', 'v', '.', '.', '.', 'v'], ['.', 'v', 'v', '.', 'k', 'v', 'v', 'Q']]",black,"[False, False, True, True]",-2093.0
83,"[['V', 'V', 'V', 'V', 'K', 'V', '.', 'V'], ['.', '.', '.', 'V', '.', 'V', 'V', 'V'], ['.', '.', '.', '.', '.', 'p', '.', 'P'], ['.', '.', '.', '.', '.', '.', 'N', '.'], ['.', 'B', '.', '.', '.', '.', '.', '.'], ['r', '.', '.', '.', 'p', '.', 'p', '.'], ['.', 'N', '.', 'v', '.', '.', '.', 'v'], ['.', 'v', 'v', '.', 'k', 'v', 'v', 'Q']]",white,"[False, False, True, True]",-3524.0
84,"[['V', 'V', 'V', 'V', 'K', 'V', '.', 'V'], ['.', '.', '.', 'V', '.', 'V', 'V', 'V'], ['.', '.', '.', '.', '.', 'p', '.', 'P'], ['.', '.', '.', '.', '.', '.', 'N', '.'], ['.', 'B', '.', '.', '.', '.', '.', '.'], ['r', '.', '.', '.', 'p', '.', 'p', '.'], ['.', 'N', '.', 'v', 'k', '.', '.', 'v'], ['.', 'v', 'v', '.', '.', 'v', 'v', 'Q']]",black,"[False, False, True, True]",-3031.0
85,"[['V', 'V', 'V', 'V', 'K', 'V', '.', 'V'], ['.', '.', '.', 'V', '.', 'V', 'V', 'V'], ['.', '.', '.', '.', '.', 'p', '.', 'P'], ['.', '.', '.', '.', '.', '.', 'N', '.'], ['.', 'B', '.', '.', '.', '.', '.', '.'], ['r', '.', '.', '.', 'p', '.', 'p', '.'], ['.', 'N', '.', 'v', 'k', '.', '.', 'Q'], ['.', 'v', 'v', '.', '.', 'v', 'v', '.']]",white,"[False, False, True, True]",-3387.0
86,"[['V', 'V', 'V', 'V', 'K', 'V', '.', 'V'], ['.', '.', '.', 'V', '.', 'V', 'V', 'V'], ['.', '.', '.', '.', '.', 'p', '.', 'P'], ['.', '.', '.', '.', '.', '.', 'N', '.'], ['.', 'B', '.', '.', '.', '.', '.', '.'], ['r', '.', '.', '.', 'p', '.', 'p', '.'], ['.', 'N', '.', 'v', '.', '.', '.', 'Q'], ['.', 'v', 'v', '.', 'k', 'v', 'v', '.']]",black,"[False, False, True, True]",-2891.0
87,"[['.', 'V', 'V', 'V', 'K', 'V', '.', 'V'], ['.', '.', '.', 'V', '.', 'V', 'V', 'V'], ['R', '.', '.', '.', '.', 'p', '.', 'P'], ['.', '.', '.', '.', '.', '.', 'N', '.'], ['.', 'B', '.', '.', '.', '.', '.', '.'], ['r', '.', '.', '.', 'p', '.', 'p', '.'], ['.', 'N', '.', 'v', '.', '.', '.', 'Q'], ['.', 'v', 'v', '.', 'k', 'v', 'v', '.']]",white,"[False, False, True, False]",0.0
88,"[['.', 'V', 'V', 'V', 'K', 'V', '.', 'V'], ['.', '.', '.', 'V', '.', 'V', 'V', 'V'], ['R', '.', '.', '.', '.', 'p', '.', 'P'], ['.', '.', '.', '.', '.', '.', 'N', '.'], ['.', 'B', '.', '.', '.', '.', '.', '.'], ['r', '.', '.', '.', 'p', '.', 'p', '.'], ['.', 'N', '.', 'v', 'p', '.', '.', 'Q'], ['.', 'v', 'v', '.', 'k', '.', 'v', '.']]",black,"[False, False, True, False]",-inf
89,"[['V', 'V', 'V', 'V', 'K', 'V', 'V', 'V'], ['V', 'V', 'V', 'V', 'V', 'V', 'V', 'V'], ['.', '.', '.', '.', '.', '.', '.', '.'], ['.', '.', '.', '.', '.', '.', '.', '.'], ['.', '.', '.', '.', '.', '.', '.', '.'], ['.', '.', '.', '.', '.', '.', '.', '.'], ['v', 'v', 'v', 'v', 'v', 'v', 'v', 'v'], ['v', 'v', 'v', 'v', 'k', 'v', 'v', 'v']]",white,"[True, True, True, True]",-26.0
90,"[['V', 'V', 'V', 'V', 'K', 'V', 'V', 'V'], ['V', 'V', 'V', 'V', 'V', 'V', 'V', 'V'], ['.', '.', '.', '.', '.', '.', '.', '.'], ['.', '.', '.', '.', '.', '.', '.', '.'], ['.', '.', '.', '.', '.', '.', '.', '.'], ['.', '.', '.', 'p', '.', '.', '.', '.'], ['v', 'v', 'v', '.', 'v', 'v', 'v', 'v'], ['v', 'v', 'v', 'v', 'k', 'v', 'v', 'v']]",black,"[True, True, True, True]",-624.0
91,"[['V', 'V', 'V', 'V', 'K', 'V', 'V', 'V'], ['.', 'V', 'V', 'V', 'V', 'V', 'V', 'V'], ['.', '.', '.', '.', '.', '.', '.', '.'], ['B', '.', '.', '.', '.', '.', '.', '.'], ['.', '.', '.', '.', '.', '.', '.', '.'], ['.', '.', '.', 'p', '.', '.', '.', '.'], ['v', 'v', 'v', '.', 'v', 'v', 'v', 'v'], ['v', 'v', 'v', 'v', 'k', 'v', 'v', 'v']]",white,"[True, True, True, True]",-747.0
92,"[['V', 'V', 'V', 'V', 'K', 'V', 'V', 'V'], ['.', 'V', 'V', 'V', 'V', 'V', 'V', 'V'], ['.', '.', '.', '.', '.', '.', '.', '.'], ['B', '.', '.', '.', '.', '.', '.', '.'], ['.', '.', '.', '.', '.', '.', '.', '.'], ['.', '.', 'p', 'p', '.', '.', '.', '.'], ['v', 'v', 'v', '.', 'v', 'v', 'v', 'v'], ['v', '.', 'v', 'v', 'k', 'v', 'v', 'v']]",black,"[True, True, True, True]",-768.0
93,"[['V', 'V', 'V', 'V', 'K', 'V', 'V', 'V'], ['.', 'V', 'V', '.', 'V', 'V', 'V', 'V'], ['.', '.', '.', '.', '.', '.', '.', '.'], ['B', '.', '.', 'P', '.', '.', '.', '.'], ['.', '.', '.', '.', '.', '.', '.', '.'], ['.', '.', 'p', 'p', '.', '.', '.', '.'], ['v', 'v', 'v', '.', 'v', 'v', 'v', 'v'], ['v', '.', 'v', 'v', 'k', 'v', 'v', 'v']]",white,"[True, True, True, True]",-782.0
94,"[['V', 'V', 'V', 'V', 'K', 'V', 'V', 'V'], ['.', 'V', 'V', '.', 'V', 'V', 'V', 'V'], ['.', '.', '.', '.', '.', '.', '.', '.'], ['B', '.', '.', 'P', '.', '.', '.', '.'], ['.', '.', '.', '.', '.', '.', '.', '.'], ['.', '.', 'p', 'p', '.', '.', '.', '.'], ['v', 'v', 'v', 'r', 'v', 'v', 'v', 'v'], ['v', '.', 'v', '.', 'k', 'v', 'v', 'v']]",black,"[True, True, True, True]",-1237.0
95,"[['V', '.', 'V', 'V', 'K', 'V', 'V', 'V'], ['.', 'V', 'V', '.', 'V', 'V', 'V', 'V'], ['.', '.', 'P', '.', '.', '.', '.', '.'], ['B', '.', '.', 'P', '.', '.', '.', '.'], ['.', '.', '.', '.', '.', '.', '.', '.'], ['.', '.', 'p', 'p', '.', '.', '.', '.'], ['v', 'v', 'v', 'r', 'v', 'v', 'v', 'v'], ['v', '.', 'v', '.', 'k', 'v', 'v', 'v']]",white,"[True, True, True, True]",-720.0
96,"[['V', '.', 'V', 'V', 'K', 'V', 'V', 'V'], ['.', 'V', 'V', '.', 'V', 'V', 'V', 'V'], ['.', '.', 'P', '.', '.', '.', '.', '.'], ['B', '.', '.', 'P', '.', '.', '.', '.'], ['.', '.', '.', '.', '.', '.', '.', '.'], ['.', '.', 'p', 'p', '.', 'p', '.', '.'], ['v', 'v', 'v', 'r', 'v', '.', 'v', 'v'], ['v', '.', 'v', '.', 'k', 'v', 'v', 'v']]",black,"[True, True, True, True]",-1036.0
97,"[['.', '.', 'V', 'V', 'K', 'V', 'V', 'V'], ['Q', 'V', 'V', '.', 'V', 'V', 'V', 'V'], ['.', '.', 'P', '.', '.', '.', '.', '.'], ['B', '.', '.', 'P', '.', '.', '.', '.'], ['.', '.', '.', '.', '.', '.', '.', '.'], ['.', '.', 'p', 'p', '.', 'p', '.', '.'], ['v', 'v', 'v', 'r', 'v', '.', 'v', 'v'], ['v', '.', 'v', '.', 'k', 'v', 'v', 'v']]",white,"[True, True, True, False]",-992.0
98,"[['.', '.', 'V', 'V', 'K', 'V', 'V', 'V'], ['Q', 'V', 'V', '.', 'V', 'V', 'V', 'V'], ['.', '.', 'P', '.', '.', '.', '.', '.'], ['B', '.', '.', 'P', '.', '.', '.', '.'], ['.', '.', '.', '.', '.', '.', '.', '.'], ['.', '.', 'p', 'p', '.', 'p', '.', '.'], ['v', 'v', 'v', '.', 'v', '.', 'v', 'v'], ['v', '.', 'v', 'r', 'k', 'v', 'v', 'v']]",black,"[True, True, True, False]",-1230.0
99,"[['.', '.', 'V', 'V', 'K', 'V', 'V', 'V'], ['Q', 'V', 'V', '.', 'V', 'V', '.', 'V'], ['.', '.', 'P', '.', '.', '.', 'R', '.'], ['B', '.', '.', 'P', '.', '.', '.', '.'], ['.', '.', '.', '.', '.', '.', '.', '.'], ['.', '.', 'p', 'p', '.', 'p', '.', '.'], ['v', 'v', 'v', '.', 'v', '.', 'v', 'v'], ['v', '.', 'v', 'r', 'k', 'v', 'v', 'v']]",white,"[True, True, True, False]",-1519.0
100,"[['.', '.', 'V', 'V', 'K', 'V', 'V', 'V'], ['Q', 'V', 'V', '.', 'V', 'V', '.', 'V'], ['.', '.', 'P', '.', '.', '.', 'R', '.'], ['B', '.', '.', 'P', '.', '.', '.', '.'], ['.', '.', '.', '.', '.', 'p', '.', '.'], ['.', '.', 'p', 'p', '.', 'p', '.', '.'], ['v', 'v', 'v', '.', 'v', '.', 'v', 'v'], ['v', '.', '.', 'r', 'k', 'v', 'v', 'v']]",black,"[True, True, True, False]",-1634.0
101,"[['.', '.', 'V', 'V', 'K', 'V', 'V', 'V'], ['Q', 'V', 'V', '.', 'V', 'V', '.', '.'], ['.', '.', 'P', '.', '.', '.', 'R', '.'], ['B', '.', '.', 'P', '.', '.', '.', 'N'], ['.', '.', '.', '.', '.', 'p', '.', '.'], ['.', '.', 'p', 'p', '.', 'p', '.', '.'], ['v', 'v', 'v', '.', 'v', '.', 'v', 'v'], ['v', '.', '.', 'r', 'k', 'v', 'v', 'v']]",white,"[True, True, True, False]",-1711.0
102,"[['.', '.', 'V', 'V', 'K', 'V', 'V', 'V'], ['Q', 'V', 'V', '.', 'V', 'V', '.', '.'], ['.', '.', 'P', '.', '.', '.', 'R', '.'], ['B', '.', '.', 'P', '.', '.', '.', 'N'], ['.', '.', '.', '.', '.', 'p', '.', '.'], ['.', '.', 'p', 'p', 'b', 'p', '.', '.'], ['v', 'v', 'v', '.', '.', '.', 'v', 'v'], ['v', '.', '.', 'r', 'k', 'v', 'v', 'v']]",black,"[True, True, True, False]",-1634.0
103,"[['.', '.', 'V', 'V', 'K', 'V', 'V', 'V'], ['Q', 'V', 'V', '.', 'V', 'V', '.', '.'], ['.', '.', 'P', '.', 'R', '.', '.', '.'], ['B', '.', '.', 'P', '.', '.', '.', 'N'], ['.', '.', '.', '.', '.', 'p', '.', '.'], ['.', '.', 'p', 'p', 'b', 'p', '.', '.'], ['v', 'v', 'v', '.', '.', '.', 'v', 'v'], ['v', '.', '.', 'r', 'k', 'v', 'v', 'v']]",white,"[True, True, True, False]",-1527.0
104,"[['.', '.', 'V', 'V', 'K', 'V', 'V', 'V'], ['Q', 'V', 'V', '.', 'V', 'V', '.', '.'], ['.', '.', 'P', '.', 'R', '.', '.', '.'], ['B', '.', '.', 'P', '.', '.', '.', 'N'], ['.', '.', '.', '.', '.', 'p', 'q', '.'], ['.', '.', 'p', 'p', 'b', 'p', '.', '.'], ['v', 'v', 'v', '.', '.', '.', '.', 'v'], ['v', '.', '.', 'r', 'k', 'v', 'v', 'v']]",black,"[True, True, True, False]",-1552.0
105,"[['.', '.', 'V', 'V', 'K', 'V', 'V', 'V'], ['Q', 'V', 'V', '.', 'V', 'V', '.', '.'], ['.', '.', 'P', '.', '.', '.', '.', '.'], ['B', '.', '.', 'P', '.', '.', '.', 'N'], ['.', '.', '.', '.', '.', 'p', 'q', '.'], ['.', '.', 'p', 'p', 'R', 'p', '.', '.'], ['v', 'v', 'v', '.', '.', '.', '.', 'v'], ['v', '.', '.', 'r', 'k', 'v', 'v', 'v']]",white,"[True, True, True, False]",-1693.0
106,"[['.', '.', 'V', 'V', 'K', 'V', 'V', 'V'], ['Q', 'V', 'V', '.', 'V', 'V', '.', '.'], ['.', '.', 'P', '.', '.', '.', '.', '.'], ['B', '.', '.', 'P', '.', '.', '.', 'N'], ['.', '.', '.', '.', '.', 'p', 'q', '.'], ['.', '.', 'p', 'p', 'R', 'p', '.', '.'], ['v', 'v', 'v', 'k', '.', '.', '.', 'v'], ['v', '.', '.', 'r', '.', 'v', 'v', 'v']]",black,"[False, False, True, False]",-1544.0
107,"[['.', '.', '.', 'V', 'K', 'V', 'V', 'V'], ['Q', 'V', 'V', '.', 'V', 'V', '.', '.'], ['.', '.', 'P', '.', '.', '.', '.', '.'], ['B', '.', '.', 'P', '.', '.', '.', 'N'], ['.', '.', '.', '.', '.', 'p', 'P', '.'], ['.', '.', 'p', 'p', 'R', 'p', '.', '.'], ['v', 'v', 'v', 'k', '.', '.', '.', 'v'], ['v', '.', '.', 'r', '.', 'v', 'v', 'v']]",white,"[False, False, True, False]",-1785.0
108,"[['.', '.', '.', 'V', 'K', 'V', 'V', 'V'], ['Q', 'V', 'V', '.', 'V', 'V', '.', '.'], ['.', '.', 'P', '.', '.', '.', '.', '.'], ['B', '.', '.', 'P', '.', '.', '.', 'N'], ['.', '.', '.', '.', '.', 'p', 'P', '.'], ['.', '.', 'p', 'p', 'R', 'p', '.', '.'], ['v', 'v', 'v', 'k', 'p', '.', '.', 'v'], ['v', '.', '.', 'r', '.', 'v', '.', 'v']]",black,"[False, False, True, False]",-1937.0
109,"[['.', '.', '.', 'V', 'K', 'V', 'V', 'V'], ['Q', 'V', 'V', '.', 'V', '.', '.', '.'], ['.', '.', 'P', '.', '.', 'B', '.', '.'], ['B', '.', '.', 'P', '.', '.', '.', 'N'], ['.', '.', '.', '.', '.', 'p', 'P', '.'], ['.', '.', 'p', 'p', 'R', 'p', '.', '.'], ['v', 'v', 'v', 'k', 'p', '.', '.', 'v'], ['v', '.', '.', 'r', '.', 'v', '.', 'v']]",white,"[False, False, True, False]",-2273.0
110,"[['.', '.', '.', 'V', 'K', 'V', 'V', 'V'], ['Q', 'V', 'V', '.', 'V', '.', '.', '.'], ['.', '.', 'P', '.', '.', 'B', '.', '.'], ['B', '.', '.', 'P', '.', '.', '.', 'N'], ['.', '.', '.', '.', '.', 'p', 'P', '.'], ['.', '.', 'p', 'p', 'R', 'p', '.', '.'], ['v', 'v', 'v', 'k', 'p', '.', '.', 'v'], ['.', '.', 'p', 'r', '.', 'v', '.', 'v']]",black,"[False, False, True, False]",-2305.0
111,"[['.', '.', '.', 'V', 'K', 'V', 'V', 'V'], ['Q', 'V', 'V', '.', 'V', '.', '.', '.'], ['.', '.', 'P', '.', '.', 'B', '.', '.'], ['.', '.', '.', 'P', '.', '.', '.', 'N'], ['.', '.', '.', '.', '.', 'p', 'P', '.'], ['.', '.', 'B', 'p', 'R', 'p', '.', '.'], ['v', 'v', 'v', 'k', 'p', '.', '.', 'v'], ['.', '.', 'p', 'r', '.', 'v', '.', 'v']]",white,"[False, False, True, False]",-2281.0
112,"[['.', '.', '.', 'V', 'K', 'V', 'V', 'V'], ['Q', 'V', 'V', '.', 'V', '.', '.', '.'], ['.', '.', 'P', '.', '.', 'B', '.', '.'], ['.', '.', '.', 'P', '.', '.', '.', 'N'], ['.', '.', '.', '.', '.', 'p', 'P', '.'], ['.', '.', 'n', 'p', 'R', 'p', '.', '.'], ['v', '.', 'v', 'k', 'p', '.', '.', 'v'], ['.', '.', 'p', 'r', '.', 'v', '.', 'v']]",black,"[False, False, True, False]",-2236.0
113,"[['.', '.', '.', 'V', 'K', 'V', 'V', 'V'], ['Q', 'V', 'V', '.', 'V', '.', '.', '.'], ['.', '.', 'P', '.', '.', '.', '.', '.'], ['.', '.', '.', 'P', '.', '.', '.', 'N'], ['.', '.', '.', '.', '.', 'p', 'P', '.'], ['.', '.', 'B', 'p', 'R', 'p', '.', '.'], ['v', '.', 'v', 'k', 'p', '.', '.', 'v'], ['.', '.', 'p', 'r', '.', 'v', '.', 'v']]",white,"[False, False, True, False]",-2371.0
114,"[['.', '.', '.', 'V', 'K', 'V', 'V', 'V'], ['Q', 'V', 'V', '.', 'V', '.', '.', '.'], ['.', '.', 'P', '.', '.', '.', '.', '.'], ['.', '.', '.', 'P', '.', '.', '.', 'N'], ['.', '.', '.', '.', '.', 'p', 'P', '.'], ['.', '.', 'k', 'p', 'R', 'p', '.', '.'], ['v', '.', 'v', '.', 'p', '.', '.', 'v'], ['.', '.', 'p', 'r', '.', 'v', '.', 'v']]",black,"[False, False, True, False]",-2301.0
115,"[['.', '.', '.', 'V', 'K', 'V', 'V', 'V'], ['.', 'V', 'V', '.', 'V', '.', '.', '.'], ['.', '.', 'P', '.', '.', '.', '.', '.'], ['Q', '.', '.', 'P', '.', '.', '.', 'N'], ['.', '.', '.', '.', '.', 'p', 'P', '.'], ['.', '.', 'k', 'p', 'R', 'p', '.', '.'], ['v', '.', 'v', '.', 'p', '.', '.', 'v'], ['.', '.', 'p', 'r', '.', 'v', '.', 'v']]",white,"[False, False, True, False]",0.0
116,"[['.', '.', '.', 'V', 'K', 'V', 'V', 'V'], ['.', 'V', 'V', '.', 'V', '.', '.', '.'], ['.', '.', 'P', '.', '.', '.', '.', '.'], ['Q', '.', '.', 'P', '.', '.', '.', 'N'], ['.', '.', '.', '.', '.', 'p', 'P', '.'], ['.', '.', '.', 'p', 'R', 'p', '.', '.'], ['v', 'k', 'v', '.', 'p', '.', '.', 'v'], ['.', '.', 'p', 'r', '.', 'v', '.', 'v']]",black,"[False, False, True, False]",-2055.0
117,"[['.', '.', '.', 'V', 'K', 'V', 'V', 'V'], ['.', 'V', 'V', '.', 'V', '.', '.', '.'], ['.', '.', 'P', '.', '.', '.', '.', '.'], ['.', '.', '.', 'P', '.', '.', '.', 'N'], ['.', 'Q', '.', '.', '.', 'p', 'P', '.'], ['.', '.', '.', 'p', 'R', 'p', '.', '.'], ['v', 'k', 'v', '.', 'p', '.', '.', 'v'], ['.', '.', 'p', 'r', '.', 'v', '.', 'v']]",white,"[False, False, True, False]",-2195.0
118,"[['.', '.', '.', 'V', 'K', 'V', 'V', 'V'], ['.', 'V', 'V', '.', 'V', '.', '.', '.'], ['.', '.', 'P', '.', '.', '.', '.', '.'], ['.', '.', '.', 'P', '.', '.', '.', 'N'], ['.', 'Q', '.', '.', '.', 'p', 'P', '.'], ['.', '.', '.', 'p', 'R', 'p', '.', '.'], ['v', '.', 'v', '.', 'p', '.', '.', 'v'], ['k', '.', 'p', 'r', '.', 'v', '.', 'v']]",black,"[False, False, True, False]",-2064.0
119,"[['.', '.', '.', 'V', 'K', 'V', 'V', 'V'], ['.', 'V', 'V', '.', 'V', '.', '.', '.'], ['.', '.', 'P', '.', '.', '.', '.', '.'], ['.', '.', '.', 'P', '.', '.', '.', 'N'], ['.', 'Q', '.', '.', '.', 'p', '.', '.'], ['.', '.', '.', 'p', 'R', 'P', '.', '.'], ['v', '.', 'v', '.', 'p', '.', '.', 'v'], ['k', '.', 'p', 'r', '.', 'v', '.', 'v']]",white,"[False, False, True, False]",0.0
120,"[['.', '.', '.', 'V', 'K', 'V', 'V', 'V'], ['.', 'V', 'V', '.', 'V', '.', '.', '.'], ['.', '.', 'P', '.', '.', '.', '.', '.'], ['.', '.', '.', 'P', '.', '.', '.', 'N'], ['.', 'Q', '.', '.', '.', 'p', '.', '.'], ['.', '.', '.', 'p', 'R', 'p', '.', '.'], ['v', '.', 'v', '.', '.', '.', '.', 'v'], ['k', '.', 'p', 'r', '.', 'v', '.', 'v']]",black,"[False, False, True, False]",-2232.0
121,"[['.', '.', '.', 'V', 'K', 'V', 'V', 'V'], ['.', 'V', 'V', '.', 'V', '.', '.', '.'], ['.', '.', 'P', '.', '.', '.', '.', '.'], ['.', '.', '.', 'P', '.', '.', '.', '.'], ['.', 'Q', '.', '.', '.', 'p', '.', '.'], ['.', '.', '.', 'p', 'R', 'p', 'N', '.'], ['v', '.', 'v', '.', '.', '.', '.', 'v'], ['k', '.', 'p', 'r', '.', 'v', '.', 'v']]",white,"[False, False, True, False]",0.0
122,"[['.', '.', '.', 'V', 'K', 'V', 'V', 'V'], ['.', 'V', 'V', '.', 'V', '.', '.', '.'], ['.', '.', 'P', '.', '.', '.', '.', '.'], ['.', '.', '.', 'P', '.', '.', '.', '.'], ['.', 'Q', 'b', '.', '.', 'p', '.', '.'], ['.', '.', '.', 'p', 'R', 'p', 'N', '.'], ['v', '.', '.', '.', '.', '.', '.', 'v'], ['k', '.', 'p', 'r', '.', 'v', '.', 'v']]",black,"[False, False, True, False]",-2248.0
123,"[['.', '.', '.', 'V', 'K', 'V', 'V', 'V'], ['.', 'V', 'V', '.', 'V', '.', '.', '.'], ['.', '.', 'P', '.', '.', '.', '.', '.'], ['.', '.', '.', 'P', '.', '.', '.', '.'], ['.', 'Q', 'b', '.', '.', 'p', '.', '.'], ['.', '.', '.', 'R', '.', 'p', 'N', '.'], ['v', '.', '.', '.', '.', '.', '.', 'v'], ['k', '.', 'p', 'r', '.', 'v', '.', 'v']]",white,"[False, False, True, False]",0.0
124,"[['.', '.', '.', 'V', 'K', 'V', 'V', 'V'], ['.', 'V', 'V', '.', 'V', '.', '.', '.'], ['.', '.', 'P', '.', '.', '.', '.', '.'], ['.', '.', '.', 'P', '.', 'p', '.', '.'], ['.', 'Q', 'b', '.', '.', '.', '.', '.'], ['.', '.', '.', 'R', '.', 'p', 'N', '.'], ['v', '.', '.', '.', '.', '.', '.', 'v'], ['k', '.', 'p', 'r', '.', 'v', '.', 'v']]",black,"[False, False, True, False]",-2531.0
125,"[['.', '.', '.', 'V', 'K', 'V', 'V', 'V'], ['.', 'V', 'V', '.', 'V', '.', '.', '.'], ['.', '.', 'P', '.', '.', '.', '.', '.'], ['.', '.', '.', 'P', '.', 'N', '.', '.'], ['.', 'Q', 'b', '.', '.', '.', '.', '.'], ['.', '.', '.', 'R', '.', 'p', '.', '.'], ['v', '.', '.', '.', '.', '.', '.', 'v'], ['k', '.', 'p', 'r', '.', 'v', '.', 'v']]",white,"[False, False, True, False]",0.0
126,"[['.', '.', '.', 'V', 'K', 'V', 'V', 'V'], ['.', 'V', 'V', '.', 'V', '.', '.', '.'], ['.', '.', 'P', '.', '.', '.', '.', '.'], ['.', '.', '.', 'P', '.', 'N', '.', '.'], ['.', 'Q', 'b', '.', '.', '.', '.', 'r'], ['.', '.', '.', 'R', '.', 'p', '.', '.'], ['v', '.', '.', '.', '.', '.', '.', '.'], ['k', '.', 'p', 'r', '.', 'v', '.', 'v']]",black,"[False, False, True, False]",-2121.0
127,"[['.', '.', '.', 'V', 'K', 'V', 'V', '.'], ['.', 'V', 'V', '.', 'V', '.', '.', '.'], ['.', '.', 'P', '.', '.', '.', '.', '.'], ['.', '.', '.', 'P', '.', 'N', '.', '.'], ['.', 'Q', 'b', '.', '.', '.', '.', 'P'], ['.', '.', '.', 'R', '.', 'p', '.', '.'], ['v', '.', '.', '.', '.', '.', '.', '.'], ['k', '.', 'p', 'r', '.', 'v', '.', 'v']]",white,"[False, False, False, False]",0.0
128,"[['.', '.', '.', 'V', 'K', 'V', 'V', '.'], ['.', 'V', 'V', '.', 'V', '.', '.', '.'], ['.', '.', 'P', '.', '.', '.', '.', '.'], ['.', '.', '.', 'P', '.', 'N', '.', '.'], ['.', 'Q', 'b', '.', '.', '.', '.', 'p'], ['.', '.', '.', 'R', '.', 'p', '.', '.'], ['v', '.', '.', '.', '.', '.', '.', '.'], ['k', '.', 'p', 'r', '.', 'v', '.', '.']]",black,"[False, False, False, False]",-2227.0
129,"[['.', '.', '.', 'V', 'K', 'V', 'V', '.'], ['.', 'V', 'V', '.', 'V', '.', '.', '.'], ['.', '.', 'P', '.', '.', '.', '.', '.'], ['.', '.', '.', 'P', '.', '.', '.', '.'], ['.', 'Q', 'b', 'N', '.', '.', '.', 'p'], ['.', '.', '.', 'R', '.', 'p', '.', '.'], ['v', '.', '.', '.', '.', '.', '.', '.'], ['k', '.', 'p', 'r', '.', 'v', '.', '.']]",white,"[False, False, False, False]",0.0
130,"[['.', '.', '.', 'V', 'K', 'V', 'V', '.'], ['.', 'V', 'V', '.', 'V', '.', '.', '.'], ['.', '.', 'P', '.', '.', '.', '.', '.'], ['.', '.', '.', 'P', '.', '.', '.', '.'], ['.', 'Q', 'b', 'N', '.', '.', '.', 'p'], ['.', '.', '.', 'R', '.', 'p', '.', '.'], ['v', '.', '.', '.', 'p', '.', '.', '.'], ['k', '.', 'p', 'r', '.', '.', '.', '.']]",black,"[False, False, False, False]",-inf
131,"[['V', 'V', 'V', 'V', 'K', 'V', 'V', 'V'], ['V', 'V', 'V', 'V', 'V', 'V', 'V', 'V'], ['.', '.', '.', '.', '.', '.', '.', '.'], ['.', '.', '.', '.', '.', '.', '.', '.'], ['.', '.', '.', '.', '.', '.', '.', '.'], ['.', '.', '.', '.', '.', '.', '.', '.'], ['v', 'v', 'v', 'v', 'v', 'v', 'v', 'v'], ['v', 'v', 'v', 'v', 'k', 'v', 'v', 'v']]",white,"[True, True, True, True]",558.0
132,"[['V', 'V', 'V', 'V', 'K', 'V', 'V', 'V'], ['V', 'V', 'V', 'V', 'V', 'V', 'V', 'V'], ['.', '.', '.', '.', '.', '.', '.', '.'], ['.', '.', '.', '.', '.', '.', '.', '.'], ['.', '.', '.', '.', '.', '.', '.', '.'], ['n', '.', '.', '.', '.', '.', '.', '.'], ['.', 'v', 'v', 'v', 'v', 'v', 'v', 'v'], ['v', 'v', 'v', 'v', 'k', 'v', 'v', 'v']]",black,"[True, True, True, True]",-225.0
133,"[['V', 'V', 'V', 'V', 'K', 'V', 'V', 'V'], ['.', 'V', 'V', 'V', 'V', 'V', 'V', 'V'], ['.', '.', '.', '.', '.', '.', '.', '.'], ['B', '.', '.', '.', '.', '.', '.', '.'], ['.', '.', '.', '.', '.', '.', '.', '.'], ['n', '.', '.', '.', '.', '.', '.', '.'], ['.', 'v', 'v', 'v', 'v', 'v', 'v', 'v'], ['v', 'v', 'v', 'v', 'k', 'v', 'v', 'v']]",white,"[True, True, True, True]",-63.0
134,"[['V', 'V', 'V', 'V', 'K', 'V', 'V', 'V'], ['.', 'V', 'V', 'V', 'V', 'V', 'V', 'V'], ['.', '.', '.', '.', '.', '.', '.', '.'], ['B', '.', '.', '.', '.', '.', '.', '.'], ['.', '.', '.', '.', '.', '.', '.', '.'], ['n', '.', '.', '.', '.', '.', '.', 'p'], ['.', 'v', 'v', 'v', 'v', 'v', 'v', '.'], ['v', 'v', 'v', 'v', 'k', 'v', 'v', 'v']]",black,"[True, True, True, True]",-497.0
135,"[['V', 'V', 'V', 'V', 'K', 'V', 'V', 'V'], ['.', 'V', 'V', 'V', 'V', '.', 'V', 'V'], ['.', '.', '.', '.', '.', 'R', '.', '.'], ['B', '.', '.', '.', '.', '.', '.', '.'], ['.', '.', '.', '.', '.', '.', '.', '.'], ['n', '.', '.', '.', '.', '.', '.', 'p'], ['.', 'v', 'v', 'v', 'v', 'v', 'v', '.'], ['v', 'v', 'v', 'v', 'k', 'v', 'v', 'v']]",white,"[True, True, True, True]",-785.0
136,"[['V', 'V', 'V', 'V', 'K', 'V', 'V', 'V'], ['.', 'V', 'V', 'V', 'V', '.', 'V', 'V'], ['.', '.', '.', '.', '.', 'R', '.', '.'], ['B', '.', '.', '.', '.', '.', '.', '.'], ['.', '.', '.', '.', '.', 'r', '.', '.'], ['n', '.', '.', '.', '.', '.', '.', 'p'], ['.', 'v', 'v', 'v', 'v', '.', 'v', '.'], ['v', 'v', 'v', 'v', 'k', 'v', 'v', 'v']]",black,"[True, True, True, True]",-659.0
137,"[['V', 'V', 'V', 'V', 'K', 'V', 'V', 'V'], ['.', 'V', 'V', 'V', 'V', '.', 'V', 'V'], ['.', '.', '.', '.', '.', '.', '.', '.'], ['B', '.', '.', '.', '.', '.', '.', '.'], ['.', '.', '.', '.', '.', 'R', '.', '.'], ['n', '.', '.', '.', '.', '.', '.', 'p'], ['.', 'v', 'v', 'v', 'v', '.', 'v', '.'], ['v', 'v', 'v', 'v', 'k', 'v', 'v', 'v']]",white,"[True, True, True, True]",-667.0
138,"[['V', 'V', 'V', 'V', 'K', 'V', 'V', 'V'], ['.', 'V', 'V', 'V', 'V', '.', 'V', 'V'], ['.', '.', '.', '.', '.', '.', '.', '.'], ['B', '.', '.', '.', '.', '.', '.', '.'], ['.', '.', '.', '.', '.', 'R', '.', '.'], ['n', '.', '.', '.', '.', 'p', '.', 'p'], ['.', 'v', 'v', 'v', 'v', '.', 'v', '.'], ['v', 'v', 'v', 'v', 'k', 'v', '.', 'v']]",black,"[True, True, True, True]",-843.0
139,"[['V', 'V', 'V', 'V', 'K', 'V', 'V', 'V'], ['.', 'V', 'V', '.', 'V', '.', 'V', 'V'], ['.', '.', '.', 'B', '.', '.', '.', '.'], ['B', '.', '.', '.', '.', '.', '.', '.'], ['.', '.', '.', '.', '.', 'R', '.', '.'], ['n', '.', '.', '.', '.', 'p', '.', 'p'], ['.', 'v', 'v', 'v', 'v', '.', 'v', '.'], ['v', 'v', 'v', 'v', 'k', 'v', '.', 'v']]",white,"[True, True, True, True]",-1017.0
140,"[['V', 'V', 'V', 'V', 'K', 'V', 'V', 'V'], ['.', 'V', 'V', '.', 'V', '.', 'V', 'V'], ['.', '.', '.', 'B', '.', '.', '.', '.'], ['B', 'n', '.', '.', '.', '.', '.', '.'], ['.', '.', '.', '.', '.', 'R', '.', '.'], ['.', '.', '.', '.', '.', 'p', '.', 'p'], ['.', 'v', 'v', 'v', 'v', '.', 'v', '.'], ['v', 'v', 'v', 'v', 'k', 'v', '.', 'v']]",black,"[True, True, True, True]",-1011.0
141,"[['V', 'V', 'V', 'V', 'K', 'V', 'V', 'V'], ['.', 'V', 'V', '.', 'V', '.', 'V', 'V'], ['.', '.', '.', 'B', '.', '.', '.', '.'], ['B', 'n', '.', '.', '.', '.', '.', '.'], ['R', '.', '.', '.', '.', '.', '.', '.'], ['.', '.', '.', '.', '.', 'p', '.', 'p'], ['.', 'v', 'v', 'v', 'v', '.', 'v', '.'], ['v', 'v', 'v', 'v', 'k', 'v', '.', 'v']]",white,"[True, True, True, True]",0.0
142,"[['V', 'V', 'V', 'V', 'K', 'V', 'V', 'V'], ['.', 'V', 'V', '.', 'V', '.', 'V', 'V'], ['.', '.', '.', 'B', '.', '.', '.', '.'], ['B', '.', '.', '.', '.', '.', '.', '.'], ['R', '.', '.', '.', '.', '.', '.', '.'], ['n', '.', '.', '.', '.', 'p', '.', 'p'], ['.', 'v', 'v', 'v', 'v', '.', 'v', '.'], ['v', 'v', 'v', 'v', 'k', 'v', '.', 'v']]",black,"[True, True, True, True]",-inf
143,"[['V', 'V', 'V', 'V', 'K', 'V', 'V', 'V'], ['V', 'V', 'V', 'V', 'V', 'V', 'V', 'V'], ['.', '.', '.', '.', '.', '.', '.', '.'], ['.', '.', '.', '.', '.', '.', '.', '.'], ['.', '.', '.', '.', '.', '.', '.', '.'], ['.', '.', '.', '.', '.', '.', '.', '.'], ['v', 'v', 'v', 'v', 'v', 'v', 'v', 'v'], ['v', 'v', 'v', 'v', 'k', 'v', 'v', 'v']]",white,"[True, True, True, True]",-6.0
144,"[['V', 'V', 'V', 'V', 'K', 'V', 'V', 'V'], ['V', 'V', 'V', 'V', 'V', 'V', 'V', 'V'], ['.', '.', '.', '.', '.', '.', '.', '.'], ['.', '.', '.', '.', '.', '.', '.', '.'], ['.', '.', '.', '.', '.', '.', '.', '.'], ['.', 'p', '.', '.', '.', '.', '.', '.'], ['v', '.', 'v', 'v', 'v', 'v', 'v', 'v'], ['v', 'v', 'v', 'v', 'k', 'v', 'v', 'v']]",black,"[True, True, True, True]",-722.0
145,"[['V', 'V', 'V', 'V', 'K', 'V', 'V', 'V'], ['.', 'V', 'V', 'V', 'V', 'V', 'V', 'V'], ['.', '.', '.', '.', '.', '.', '.', '.'], ['R', '.', '.', '.', '.', '.', '.', '.'], ['.', '.', '.', '.', '.', '.', '.', '.'], ['.', 'p', '.', '.', '.', '.', '.', '.'], ['v', '.', 'v', 'v', 'v', 'v', 'v', 'v'], ['v', 'v', 'v', 'v', 'k', 'v', 'v', 'v']]",white,"[True, True, True, True]",-750.0
146,"[['V', 'V', 'V', 'V', 'K', 'V', 'V', 'V'], ['.', 'V', 'V', 'V', 'V', 'V', 'V', 'V'], ['.', '.', '.', '.', '.', '.', '.', '.'], ['R', '.', '.', '.', '.', '.', '.', '.'], ['.', '.', '.', '.', '.', '.', '.', '.'], ['.', 'p', 'p', '.', '.', '.', '.', '.'], ['v', '.', '.', 'v', 'v', 'v', 'v', 'v'], ['v', 'v', 'v', 'v', 'k', 'v', 'v', 'v']]",black,"[True, True, True, True]",-954.0
147,"[['V', 'V', 'V', 'V', 'K', 'V', 'V', 'V'], ['.', 'V', 'V', '.', 'V', 'V', 'V', 'V'], ['.', '.', '.', '.', '.', '.', '.', '.'], ['R', '.', '.', 'Q', '.', '.', '.', '.'], ['.', '.', '.', '.', '.', '.', '.', '.'], ['.', 'p', 'p', '.', '.', '.', '.', '.'], ['v', '.', '.', 'v', 'v', 'v', 'v', 'v'], ['v', 'v', 'v', 'v', 'k', 'v', 'v', 'v']]",white,"[True, True, True, True]",-1003.0
148,"[['V', 'V', 'V', 'V', 'K', 'V', 'V', 'V'], ['.', 'V', 'V', '.', 'V', 'V', 'V', 'V'], ['.', '.', '.', '.', '.', '.', '.', '.'], ['R', '.', '.', 'Q', '.', '.', '.', '.'], ['.', '.', '.', 'p', '.', '.', '.', '.'], ['.', 'p', 'p', '.', '.', '.', '.', '.'], ['v', '.', '.', '.', 'v', 'v', 'v', 'v'], ['v', 'v', 'v', 'v', 'k', 'v', 'v', 'v']]",black,"[True, True, True, True]",-1136.0
149,"[['V', 'V', 'V', 'V', 'K', 'V', 'V', 'V'], ['.', 'V', 'V', '.', '.', 'V', 'V', 'V'], ['.', '.', '.', '.', 'B', '.', '.', '.'], ['R', '.', '.', 'Q', '.', '.', '.', '.'], ['.', '.', '.', 'p', '.', '.', '.', '.'], ['.', 'p', 'p', '.', '.', '.', '.', '.'], ['v', '.', '.', '.', 'v', 'v', 'v', 'v'], ['v', 'v', 'v', 'v', 'k', 'v', 'v', 'v']]",white,"[True, True, True, True]",-1511.0
150,"[['V', 'V', 'V', 'V', 'K', 'V', 'V', 'V'], ['.', 'V', 'V', '.', '.', 'V', 'V', 'V'], ['.', '.', '.', '.', 'B', '.', '.', '.'], ['R', '.', '.', 'Q', '.', '.', '.', '.'], ['.', '.', '.', 'p', '.', '.', '.', '.'], ['.', 'p', 'p', '.', '.', '.', '.', '.'], ['v', '.', '.', 'n', 'v', 'v', 'v', 'v'], ['v', 'v', 'v', '.', 'k', 'v', 'v', 'v']]",black,"[True, True, True, True]",-1597.0
151,"[['V', 'V', '.', 'V', 'K', 'V', 'V', 'V'], ['.', 'V', 'V', 'R', '.', 'V', 'V', 'V'], ['.', '.', '.', '.', 'B', '.', '.', '.'], ['R', '.', '.', 'Q', '.', '.', '.', '.'], ['.', '.', '.', 'p', '.', '.', '.', '.'], ['.', 'p', 'p', '.', '.', '.', '.', '.'], ['v', '.', '.', 'n', 'v', 'v', 'v', 'v'], ['v', 'v', 'v', '.', 'k', 'v', 'v', 'v']]",white,"[True, True, True, True]",-1531.0
152,"[['V', 'V', '.', 'V', 'K', 'V', 'V', 'V'], ['.', 'V', 'V', 'R', '.', 'V', 'V', 'V'], ['.', '.', '.', '.', 'B', '.', '.', '.'], ['R', '.', '.', 'Q', '.', '.', '.', '.'], ['.', 'p', '.', 'p', '.', '.', '.', '.'], ['.', '.', 'p', '.', '.', '.', '.', '.'], ['v', '.', '.', 'n', 'v', 'v', 'v', 'v'], ['v', 'v', 'v', '.', 'k', 'v', 'v', 'v']]",black,"[True, True, True, True]",-1609.0
153,"[['V', 'V', '.', 'V', 'K', 'V', 'V', 'V'], ['.', 'V', 'V', 'R', '.', 'V', 'V', 'V'], ['.', '.', '.', '.', 'B', '.', '.', '.'], ['.', '.', '.', 'Q', '.', '.', '.', '.'], ['.', 'p', '.', 'p', '.', '.', '.', '.'], ['.', '.', 'p', '.', '.', '.', '.', '.'], ['R', '.', '.', 'n', 'v', 'v', 'v', 'v'], ['v', 'v', 'v', '.', 'k', 'v', 'v', 'v']]",white,"[True, True, True, True]",-2073.0
154,"[['V', 'V', '.', 'V', 'K', 'V', 'V', 'V'], ['.', 'V', 'V', 'R', '.', 'V', 'V', 'V'], ['.', '.', '.', '.', 'B', '.', '.', '.'], ['.', '.', '.', 'Q', '.', '.', '.', '.'], ['.', 'p', '.', 'p', '.', '.', '.', '.'], ['.', '.', 'p', '.', '.', '.', '.', 'p'], ['R', '.', '.', 'n', 'v', 'v', 'v', 'v'], ['v', 'v', 'v', '.', 'k', 'v', '.', 'v']]",black,"[True, True, True, True]",-2071.0
155,"[['V', 'V', '.', 'V', 'K', 'V', 'V', 'V'], ['.', 'V', 'V', 'R', '.', 'V', 'V', 'V'], ['.', '.', '.', '.', 'B', '.', '.', '.'], ['.', '.', '.', 'Q', '.', '.', '.', '.'], ['.', 'p', '.', 'p', '.', '.', '.', '.'], ['.', '.', 'p', '.', '.', '.', '.', 'p'], ['.', '.', '.', 'n', 'v', 'v', 'v', 'v'], ['R', 'v', 'v', '.', 'k', 'v', '.', 'v']]",white,"[True, False, True, True]",-2555.0
156,"[['V', 'V', '.', 'V', 'K', 'V', 'V', 'V'], ['.', 'V', 'V', 'R', '.', 'V', 'V', 'V'], ['.', '.', '.', '.', 'B', '.', '.', '.'], ['.', '.', '.', 'Q', '.', '.', '.', '.'], ['.', 'p', '.', 'p', 'n', '.', '.', '.'], ['.', '.', 'p', '.', '.', '.', '.', 'p'], ['.', '.', '.', '.', 'v', 'v', 'v', 'v'], ['R', 'v', 'v', '.', 'k', 'v', '.', 'v']]",black,"[True, False, True, True]",-2789.0
157,"[['V', 'V', '.', 'V', 'K', 'V', 'V', 'V'], ['.', 'V', 'V', 'R', '.', 'V', 'V', 'V'], ['.', '.', '.', '.', 'B', '.', '.', '.'], ['.', '.', '.', '.', '.', '.', '.', '.'], ['.', 'p', '.', 'p', 'Q', '.', '.', '.'], ['.', '.', 'p', '.', '.', '.', '.', 'p'], ['.', '.', '.', '.', 'v', 'v', 'v', 'v'], ['R', 'v', 'v', '.', 'k', 'v', '.', 'v']]",white,"[True, False, True, True]",-2867.0
158,"[['V', 'V', '.', 'V', 'K', 'V', 'V', 'V'], ['.', 'V', 'V', 'R', '.', 'V', 'V', 'V'], ['.', '.', '.', '.', 'B', '.', '.', '.'], ['.', '.', '.', 'p', '.', '.', '.', '.'], ['.', 'p', '.', '.', 'Q', '.', '.', '.'], ['.', '.', 'p', '.', '.', '.', '.', 'p'], ['.', '.', '.', '.', 'v', 'v', 'v', 'v'], ['R', 'v', 'v', '.', 'k', 'v', '.', 'v']]",black,"[True, False, True, True]",-2932.0
159,"[['V', 'V', '.', 'V', 'K', 'V', 'V', 'V'], ['.', 'V', 'V', 'R', '.', 'V', 'V', 'V'], ['.', '.', '.', '.', 'B', '.', '.', '.'], ['.', '.', '.', 'Q', '.', '.', '.', '.'], ['.', 'p', '.', '.', '.', '.', '.', '.'], ['.', '.', 'p', '.', '.', '.', '.', 'p'], ['.', '.', '.', '.', 'v', 'v', 'v', 'v'], ['R', 'v', 'v', '.', 'k', 'v', '.', 'v']]",white,"[True, False, True, True]",0.0
160,"[['V', 'V', '.', 'V', 'K', 'V', 'V', 'V'], ['.', 'V', 'V', 'R', '.', 'V', 'V', 'V'], ['.', '.', '.', '.', 'B', '.', '.', '.'], ['.', '.', '.', 'Q', '.', '.', '.', '.'], ['.', 'p', '.', '.', '.', '.', '.', '.'], ['.', '.', 'p', '.', '.', '.', 'b', 'p'], ['.', '.', '.', '.', 'v', 'v', '.', 'v'], ['R', 'v', 'v', '.', 'k', 'v', '.', 'v']]",black,"[True, False, True, True]",-inf
161,"[['V', 'V', 'V', 'V', 'K', 'V', 'V', 'V'], ['V', 'V', 'V', 'V', 'V', 'V', 'V', 'V'], ['.', '.', '.', '.', '.', '.', '.', '.'], ['.', '.', '.', '.', '.', '.', '.', '.'], ['.', '.', '.', '.', '.', '.', '.', '.'], ['.', '.', '.', '.', '.', '.', '.', '.'], ['v', 'v', 'v', 'v', 'v', 'v', 'v', 'v'], ['v', 'v', 'v', 'v', 'k', 'v', 'v', 'v']]",white,"[True, True, True, True]",0.0
162,"[['V', 'V', 'V', 'V', 'K', 'V', 'V', 'V'], ['V', 'V', 'V', 'V', 'V', 'V', 'V', 'V'], ['.', '.', '.', '.', '.', '.', '.', '.'], ['.', '.', '.', '.', '.', '.', '.', '.'], ['.', '.', '.', 'b', '.', '.', '.', '.'], ['.', '.', '.', '.', '.', '.', '.', '.'], ['v', 'v', 'v', '.', 'v', 'v', 'v', 'v'], ['v', 'v', 'v', 'v', 'k', 'v', 'v', 'v']]",black,"[True, True, True, True]",-81.0
163,"[['V', 'V', 'V', 'V', 'K', 'V', 'V', 'V'], ['.', 'V', 'V', 'V', 'V', 'V', 'V', 'V'], ['B', '.', '.', '.', '.', '.', '.', '.'], ['.', '.', '.', '.', '.', '.', '.', '.'], ['.', '.', '.', 'b', '.', '.', '.', '.'], ['.', '.', '.', '.', '.', '.', '.', '.'], ['v', 'v', 'v', '.', 'v', 'v', 'v', 'v'], ['v', 'v', 'v', 'v', 'k', 'v', 'v', 'v']]",white,"[True, True, True, True]",-142.0
164,"[['V', 'V', 'V', 'V', 'K', 'V', 'V', 'V'], ['.', 'V', 'V', 'V', 'V', 'V', 'V', 'V'], ['B', '.', '.', '.', '.', '.', '.', '.'], ['.', '.', '.', '.', '.', '.', '.', '.'], ['.', '.', 'p', 'b', '.', '.', '.', '.'], ['.', '.', '.', '.', '.', '.', '.', '.'], ['v', 'v', '.', '.', 'v', 'v', 'v', 'v'], ['v', 'v', 'v', 'v', 'k', 'v', 'v', 'v']]",black,"[True, True, True, True]",-597.0
165,"[['V', 'V', 'V', 'V', 'K', 'V', 'V', 'V'], ['.', 'V', 'V', 'V', 'V', 'V', '.', 'V'], ['B', '.', '.', '.', '.', '.', 'Q', '.'], ['.', '.', '.', '.', '.', '.', '.', '.'], ['.', '.', 'p', 'b', '.', '.', '.', '.'], ['.', '.', '.', '.', '.', '.', '.', '.'], ['v', 'v', '.', '.', 'v', 'v', 'v', 'v'], ['v', 'v', 'v', 'v', 'k', 'v', 'v', 'v']]",white,"[True, True, True, True]",-659.0
166,"[['V', 'V', 'V', 'V', 'K', 'V', 'V', 'V'], ['.', 'V', 'V', 'V', 'V', 'V', '.', 'V'], ['B', '.', '.', '.', '.', '.', 'Q', '.'], ['.', '.', '.', '.', '.', '.', '.', '.'], ['.', '.', 'p', '.', '.', '.', '.', '.'], ['.', '.', 'b', '.', '.', '.', '.', '.'], ['v', 'v', '.', '.', 'v', 'v', 'v', 'v'], ['v', 'v', 'v', 'v', 'k', 'v', 'v', 'v']]",black,"[True, True, True, True]",-778.0
167,"[['V', 'V', 'V', 'V', 'K', 'V', 'V', 'V'], ['.', 'V', 'V', 'V', 'V', '.', '.', 'V'], ['B', '.', '.', '.', '.', 'N', 'Q', '.'], ['.', '.', '.', '.', '.', '.', '.', '.'], ['.', '.', 'p', '.', '.', '.', '.', '.'], ['.', '.', 'b', '.', '.', '.', '.', '.'], ['v', 'v', '.', '.', 'v', 'v', 'v', 'v'], ['v', 'v', 'v', 'v', 'k', 'v', 'v', 'v']]",white,"[True, True, True, True]",-778.0
168,"[['V', 'V', 'V', 'V', 'K', 'V', 'V', 'V'], ['.', 'V', 'V', 'V', 'V', '.', '.', 'V'], ['B', '.', '.', '.', '.', 'N', 'Q', '.'], ['.', '.', '.', '.', '.', '.', '.', '.'], ['.', '.', 'p', '.', '.', '.', '.', '.'], ['p', '.', 'b', '.', '.', '.', '.', '.'], ['v', 'v', '.', '.', 'v', 'v', 'v', 'v'], ['v', '.', 'v', 'v', 'k', 'v', 'v', 'v']]",black,"[True, True, True, True]",-1142.0
169,"[['V', 'V', 'V', 'V', 'K', 'V', 'V', 'V'], ['.', 'V', '.', 'V', 'V', '.', '.', 'V'], ['B', '.', 'B', '.', '.', 'N', 'Q', '.'], ['.', '.', '.', '.', '.', '.', '.', '.'], ['.', '.', 'p', '.', '.', '.', '.', '.'], ['p', '.', 'b', '.', '.', '.', '.', '.'], ['v', 'v', '.', '.', 'v', 'v', 'v', 'v'], ['v', '.', 'v', 'v', 'k', 'v', 'v', 'v']]",white,"[True, True, True, True]",-1445.0
170,"[['V', 'V', 'V', 'V', 'K', 'V', 'V', 'V'], ['.', 'V', '.', 'V', 'V', '.', '.', 'V'], ['B', '.', 'B', '.', '.', 'N', 'Q', '.'], ['.', '.', '.', '.', '.', '.', '.', '.'], ['.', '.', 'p', '.', '.', 'p', '.', '.'], ['p', '.', 'b', '.', '.', '.', '.', '.'], ['v', 'v', '.', '.', 'v', 'v', 'v', 'v'], ['v', '.', '.', 'v', 'k', 'v', 'v', 'v']]",black,"[True, True, True, True]",-1605.0
171,"[['V', 'V', 'V', 'V', 'K', 'V', 'V', 'V'], ['.', 'V', '.', 'V', 'V', '.', '.', 'V'], ['B', '.', '.', '.', '.', 'N', 'Q', '.'], ['.', '.', '.', '.', '.', '.', '.', '.'], ['.', '.', 'p', '.', '.', 'p', '.', '.'], ['p', '.', 'b', '.', '.', '.', '.', '.'], ['v', 'v', '.', '.', 'v', 'v', 'B', 'v'], ['v', '.', '.', 'v', 'k', 'v', 'v', 'v']]",white,"[True, True, True, True]",-1626.0
172,"[['V', 'V', 'V', 'V', 'K', 'V', 'V', 'V'], ['.', 'V', '.', 'V', 'V', '.', '.', 'V'], ['B', '.', '.', '.', '.', 'N', 'Q', '.'], ['.', '.', '.', '.', '.', '.', '.', '.'], ['.', '.', 'p', '.', '.', 'p', '.', '.'], ['p', '.', 'b', '.', '.', '.', '.', '.'], ['v', 'v', '.', '.', 'v', 'v', 'B', 'v'], ['.', 'n', '.', 'v', 'k', 'v', 'v', 'v']]",black,"[True, False, True, True]",-1766.0
173,"[['V', 'V', 'V', 'V', 'K', 'V', 'V', 'V'], ['.', 'V', '.', 'V', 'V', '.', 'Q', 'V'], ['B', '.', '.', '.', '.', 'N', '.', '.'], ['.', '.', '.', '.', '.', '.', '.', '.'], ['.', '.', 'p', '.', '.', 'p', '.', '.'], ['p', '.', 'b', '.', '.', '.', '.', '.'], ['v', 'v', '.', '.', 'v', 'v', 'B', 'v'], ['.', 'n', '.', 'v', 'k', 'v', 'v', 'v']]",white,"[True, False, True, True]",-1630.0
174,"[['V', 'V', 'V', 'V', 'K', 'V', 'V', 'V'], ['.', 'V', '.', 'V', 'V', '.', 'Q', 'V'], ['B', '.', '.', '.', '.', 'N', '.', '.'], ['.', '.', '.', '.', '.', '.', '.', '.'], ['.', '.', 'p', '.', '.', 'p', '.', '.'], ['p', 'b', 'b', '.', '.', '.', '.', '.'], ['v', '.', '.', '.', 'v', 'v', 'B', 'v'], ['.', 'n', '.', 'v', 'k', 'v', 'v', 'v']]",black,"[True, False, True, True]",-1686.0
175,"[['V', 'V', 'V', 'V', 'K', 'V', '.', 'V'], ['.', 'V', '.', 'V', 'V', '.', 'Q', 'V'], ['B', '.', '.', '.', '.', 'N', '.', 'R'], ['.', '.', '.', '.', '.', '.', '.', '.'], ['.', '.', 'p', '.', '.', 'p', '.', '.'], ['p', 'b', 'b', '.', '.', '.', '.', '.'], ['v', '.', '.', '.', 'v', 'v', 'B', 'v'], ['.', 'n', '.', 'v', 'k', 'v', 'v', 'v']]",white,"[True, False, True, True]",-831.0
176,"[['V', 'V', 'V', 'V', 'K', 'V', '.', 'V'], ['.', 'V', '.', 'V', 'V', '.', 'Q', 'V'], ['B', '.', '.', '.', '.', 'N', '.', 'R'], ['.', '.', '.', '.', '.', '.', '.', '.'], ['.', '.', 'p', '.', '.', 'p', '.', '.'], ['p', 'b', 'b', '.', '.', 'q', '.', '.'], ['v', '.', '.', '.', 'v', '.', 'B', 'v'], ['.', 'n', '.', 'v', 'k', 'v', 'v', 'v']]",black,"[True, False, True, True]",-1209.0
177,"[['V', 'V', 'V', 'V', 'K', 'V', '.', 'V'], ['.', 'V', '.', 'V', 'V', '.', 'Q', 'V'], ['B', '.', '.', '.', '.', 'N', '.', 'R'], ['.', '.', '.', '.', '.', '.', '.', '.'], ['.', '.', 'p', '.', '.', 'p', '.', '.'], ['p', 'b', 'b', '.', '.', 'B', '.', '.'], ['v', '.', '.', '.', 'v', '.', '.', 'v'], ['.', 'n', '.', 'v', 'k', 'v', 'v', 'v']]",white,"[True, False, True, True]",-1758.0
178,"[['V', 'V', 'V', 'V', 'K', 'V', '.', 'V'], ['.', 'V', '.', 'V', 'V', '.', 'Q', 'V'], ['B', '.', '.', '.', '.', 'N', '.', 'R'], ['.', '.', '.', '.', '.', '.', '.', '.'], ['.', '.', 'p', 'b', '.', 'p', '.', '.'], ['p', 'b', '.', '.', '.', 'B', '.', '.'], ['v', '.', '.', '.', 'v', '.', '.', 'v'], ['.', 'n', '.', 'v', 'k', 'v', 'v', 'v']]",black,"[True, False, True, True]",-1474.0
179,"[['V', 'V', 'V', 'V', 'K', 'V', '.', 'V'], ['.', 'V', '.', 'V', 'V', '.', 'Q', 'V'], ['B', '.', '.', '.', '.', 'N', '.', 'R'], ['.', '.', '.', '.', '.', '.', '.', '.'], ['.', '.', 'p', 'b', 'B', 'p', '.', '.'], ['p', 'b', '.', '.', '.', '.', '.', '.'], ['v', '.', '.', '.', 'v', '.', '.', 'v'], ['.', 'n', '.', 'v', 'k', 'v', 'v', 'v']]",white,"[True, False, True, True]",-1738.0
180,"[['V', 'V', 'V', 'V', 'K', 'V', '.', 'V'], ['.', 'V', '.', 'V', 'V', '.', 'Q', 'V'], ['B', '.', '.', '.', '.', 'N', '.', 'R'], ['.', '.', '.', '.', '.', '.', '.', '.'], ['.', '.', 'p', '.', 'B', 'p', '.', '.'], ['p', 'b', '.', '.', '.', '.', '.', '.'], ['v', '.', '.', '.', 'v', '.', '.', 'v'], ['b', 'n', '.', 'v', 'k', 'v', 'v', 'v']]",black,"[True, False, True, True]",-1773.0
181,"[['V', 'V', 'V', 'V', 'K', 'V', '.', 'V'], ['.', 'V', '.', 'V', 'V', '.', 'Q', 'V'], ['B', '.', '.', '.', '.', 'N', '.', 'R'], ['.', '.', '.', '.', '.', '.', '.', '.'], ['.', '.', 'p', '.', '.', 'p', '.', '.'], ['p', 'b', '.', '.', '.', '.', '.', '.'], ['v', '.', '.', '.', 'v', '.', '.', 'v'], ['b', 'n', '.', 'v', 'k', 'v', 'v', 'B']]",white,"[False, False, True, True]",-1765.0
182,"[['V', 'V', 'V', 'V', 'K', 'V', '.', 'V'], ['.', 'V', '.', 'V', 'V', '.', 'Q', 'V'], ['B', '.', '.', '.', '.', 'b', '.', 'R'], ['.', '.', '.', '.', '.', '.', '.', '.'], ['.', '.', 'p', '.', '.', 'p', '.', '.'], ['p', 'b', '.', '.', '.', '.', '.', '.'], ['v', '.', '.', '.', 'v', '.', '.', 'v'], ['.', 'n', '.', 'v', 'k', 'v', 'v', 'B']]",black,"[False, False, True, True]",-1896.0
183,"[['V', 'V', 'V', 'V', 'K', 'V', '.', 'V'], ['.', 'V', '.', 'V', '.', '.', 'Q', 'V'], ['B', '.', '.', '.', '.', 'P', '.', 'R'], ['.', '.', '.', '.', '.', '.', '.', '.'], ['.', '.', 'p', '.', '.', 'p', '.', '.'], ['p', 'b', '.', '.', '.', '.', '.', '.'], ['v', '.', '.', '.', 'v', '.', '.', 'v'], ['.', 'n', '.', 'v', 'k', 'v', 'v', 'B']]",white,"[False, False, True, True]",-2002.0
184,"[['V', 'V', 'V', 'V', 'K', 'V', '.', 'V'], ['.', 'V', '.', 'V', '.', '.', 'Q', 'V'], ['B', '.', '.', '.', '.', 'P', '.', 'R'], ['.', '.', '.', '.', '.', '.', '.', '.'], ['.', '.', 'p', '.', '.', 'p', '.', '.'], ['p', '.', '.', '.', '.', '.', '.', '.'], ['v', '.', 'b', '.', 'v', '.', '.', 'v'], ['.', 'n', '.', 'v', 'k', 'v', 'v', 'B']]",black,"[False, False, True, True]",-2006.0
185,"[['V', 'V', 'V', 'V', 'K', 'V', '.', 'V'], ['.', 'V', '.', 'V', '.', '.', '.', 'V'], ['B', '.', '.', '.', '.', 'P', '.', 'R'], ['.', '.', '.', '.', '.', '.', '.', '.'], ['.', '.', 'p', '.', '.', 'p', '.', '.'], ['p', '.', '.', '.', '.', '.', '.', '.'], ['v', '.', 'b', '.', 'v', '.', '.', 'v'], ['.', 'n', '.', 'v', 'k', 'v', 'Q', 'B']]",white,"[False, False, True, True]",0.0
186,"[['V', 'V', 'V', 'V', 'K', 'V', '.', 'V'], ['.', 'V', '.', 'V', '.', '.', '.', 'V'], ['B', '.', '.', '.', '.', 'P', '.', 'R'], ['.', '.', '.', '.', '.', '.', '.', '.'], ['.', '.', 'p', '.', '.', 'p', '.', '.'], ['p', '.', '.', '.', '.', '.', '.', 'r'], ['v', '.', 'b', '.', 'v', '.', '.', '.'], ['.', 'n', '.', 'v', 'k', 'v', 'Q', 'B']]",black,"[False, False, True, True]",-1982.0
187,"[['V', 'V', 'V', 'V', 'K', 'V', '.', 'V'], ['.', 'V', '.', 'V', '.', '.', '.', 'V'], ['B', '.', '.', '.', '.', 'P', '.', 'R'], ['.', '.', '.', '.', '.', '.', '.', '.'], ['.', '.', 'p', '.', '.', 'p', '.', '.'], ['p', '.', '.', '.', '.', '.', '.', 'r'], ['v', '.', 'b', '.', 'v', '.', 'B', '.'], ['.', 'n', '.', 'v', 'k', 'v', 'Q', '.']]",white,"[False, False, True, True]",-2117.0
188,"[['V', 'V', 'V', 'V', 'K', 'V', '.', 'V'], ['.', 'V', '.', 'V', '.', '.', '.', 'V'], ['B', '.', '.', '.', '.', 'P', '.', 'R'], ['.', '.', '.', '.', '.', '.', '.', 'r'], ['.', '.', 'p', '.', '.', 'p', '.', '.'], ['p', '.', '.', '.', '.', '.', '.', '.'], ['v', '.', 'b', '.', 'v', '.', 'B', '.'], ['.', 'n', '.', 'v', 'k', 'v', 'Q', '.']]",black,"[False, False, True, True]",-2096.0
189,"[['V', 'V', 'V', 'V', 'K', '.', '.', 'V'], ['.', 'V', '.', 'V', '.', '.', 'R', 'V'], ['B', '.', '.', '.', '.', 'P', '.', 'R'], ['.', '.', '.', '.', '.', '.', '.', 'r'], ['.', '.', 'p', '.', '.', 'p', '.', '.'], ['p', '.', '.', '.', '.', '.', '.', '.'], ['v', '.', 'b', '.', 'v', '.', 'B', '.'], ['.', 'n', '.', 'v', 'k', 'v', 'Q', '.']]",white,"[False, False, True, True]",-2314.0
190,"[['V', 'V', 'V', 'V', 'K', '.', '.', 'V'], ['.', 'V', '.', 'V', '.', '.', 'R', 'V'], ['B', '.', '.', '.', '.', 'P', '.', 'R'], ['.', '.', '.', '.', '.', '.', '.', 'r'], ['p', '.', 'p', '.', '.', 'p', '.', '.'], ['.', '.', '.', '.', '.', '.', '.', '.'], ['v', '.', 'b', '.', 'v', '.', 'B', '.'], ['.', 'n', '.', 'v', 'k', 'v', 'Q', '.']]",black,"[False, False, True, True]",-2424.0
191,"[['V', 'V', 'V', 'V', 'K', '.', '.', 'V'], ['.', 'V', '.', 'V', '.', '.', 'R', 'V'], ['B', '.', '.', '.', '.', 'P', '.', 'R'], ['.', '.', '.', '.', '.', '.', '.', 'r'], ['p', '.', 'p', '.', '.', 'p', '.', '.'], ['.', '.', '.', '.', '.', '.', '.', '.'], ['v', '.', 'b', '.', 'v', '.', '.', '.'], ['.', 'n', '.', 'v', 'k', 'B', 'Q', '.']]",white,"[False, False, True, True]",-2727.0
192,"[['V', 'V', 'V', 'V', 'K', '.', '.', 'V'], ['.', 'V', '.', 'V', '.', '.', 'R', 'V'], ['B', '.', '.', '.', '.', 'P', '.', 'R'], ['.', '.', '.', '.', '.', '.', '.', '.'], ['p', '.', 'p', '.', '.', 'p', '.', '.'], ['.', '.', '.', '.', '.', '.', '.', 'r'], ['v', '.', 'b', '.', 'v', '.', '.', '.'], ['.', 'n', '.', 'v', 'k', 'B', 'Q', '.']]",black,"[False, False, True, True]",-2727.0
193,"[['V', 'V', 'V', 'V', 'K', '.', '.', 'V'], ['.', 'V', '.', 'V', '.', '.', 'R', 'V'], ['B', '.', '.', '.', '.', 'P', '.', 'R'], ['.', '.', '.', '.', '.', '.', '.', '.'], ['p', '.', 'p', '.', '.', 'p', '.', '.'], ['.', '.', '.', '.', '.', '.', '.', 'r'], ['v', '.', 'b', '.', 'B', '.', '.', '.'], ['.', 'n', '.', 'v', 'k', '.', 'Q', '.']]",white,"[False, False, True, True]",-3782.0
194,"[['V', 'V', 'V', 'V', 'K', '.', '.', 'V'], ['.', 'V', '.', 'V', '.', '.', 'R', 'V'], ['B', '.', '.', '.', '.', 'P', '.', 'R'], ['.', '.', '.', '.', '.', '.', '.', '.'], ['p', '.', 'p', '.', '.', 'p', '.', '.'], ['.', '.', '.', '.', '.', '.', '.', 'r'], ['v', '.', 'b', '.', 'k', '.', '.', '.'], ['.', 'n', '.', 'v', '.', '.', 'Q', '.']]",black,"[False, False, True, True]",-3137.0
195,"[['V', 'V', 'V', 'V', 'K', '.', '.', 'V'], ['.', 'V', '.', 'V', '.', '.', 'R', 'V'], ['B', '.', '.', '.', '.', 'P', '.', 'R'], ['.', '.', '.', '.', '.', '.', '.', '.'], ['p', '.', 'p', '.', '.', 'p', '.', '.'], ['.', '.', '.', '.', '.', '.', '.', 'r'], ['v', '.', 'b', '.', 'k', '.', 'Q', '.'], ['.', 'n', '.', 'v', '.', '.', '.', '.']]",white,"[False, False, True, True]",0.0
196,"[['V', 'V', 'V', 'V', 'K', '.', '.', 'V'], ['.', 'V', '.', 'V', '.', '.', 'R', 'V'], ['B', '.', '.', '.', '.', 'P', '.', 'R'], ['.', '.', '.', '.', '.', '.', '.', '.'], ['p', '.', 'p', '.', '.', 'p', '.', '.'], ['.', '.', '.', '.', '.', '.', '.', 'r'], ['v', '.', 'b', '.', '.', '.', 'Q', '.'], ['.', 'n', '.', 'v', 'k', '.', '.', '.']]",black,"[False, False, True, True]",-3014.0
197,"[['V', 'V', 'V', 'V', 'K', '.', '.', 'V'], ['.', 'V', '.', 'V', '.', '.', 'R', 'V'], ['B', '.', '.', '.', '.', 'P', '.', '.'], ['.', '.', '.', '.', '.', '.', '.', '.'], ['p', '.', 'p', '.', '.', 'p', '.', '.'], ['.', '.', '.', '.', '.', '.', '.', 'R'], ['v', '.', 'b', '.', '.', '.', 'Q', '.'], ['.', 'n', '.', 'v', 'k', '.', '.', '.']]",white,"[False, False, True, True]",0.0
198,"[['V', 'V', 'V', 'V', 'K', '.', '.', 'V'], ['.', 'V', '.', 'V', '.', '.', 'R', 'V'], ['B', '.', '.', '.', '.', 'P', '.', '.'], ['.', '.', '.', '.', '.', '.', '.', '.'], ['p', '.', 'p', 'p', '.', 'p', '.', '.'], ['.', '.', '.', '.', '.', '.', '.', 'R'], ['v', '.', 'b', '.', '.', '.', 'Q', '.'], ['.', 'n', '.', '.', 'k', '.', '.', '.']]",black,"[False, False, True, True]",-inf
199,"[['V', 'V', 'V', 'V', 'K', 'V', 'V', 'V'], ['V', 'V', 'V', 'V', 'V', 'V', 'V', 'V'], ['.', '.', '.', '.', '.', '.', '.', '.'], ['.', '.', '.', '.', '.', '.', '.', '.'], ['.', '.', '.', '.', '.', '.', '.', '.'], ['.', '.', '.', '.', '.', '.', '.', '.'], ['v', 'v', 'v', 'v', 'v', 'v', 'v', 'v'], ['v', 'v', 'v', 'v', 'k', 'v', 'v', 'v']]",white,"[True, True, True, True]",16.0
200,"[['V', 'V', 'V', 'V', 'K', 'V', 'V', 'V'], ['V', 'V', 'V', 'V', 'V', 'V', 'V', 'V'], ['.', '.', '.', '.', '.', '.', '.', '.'], ['.', '.', '.', '.', '.', '.', '.', '.'], ['.', '.', '.', '.', '.', '.', '.', '.'], ['.', '.', '.', '.', '.', '.', '.', 'p'], ['v', 'v', 'v', 'v', 'v', 'v', 'v', '.'], ['v', 'v', 'v', 'v', 'k', 'v', 'v', 'v']]",black,"[True, True, True, True]",-608.0
201,"[['V', 'V', 'V', 'V', 'K', 'V', 'V', 'V'], ['V', 'V', 'V', 'V', 'V', 'V', '.', 'V'], ['.', '.', '.', '.', '.', '.', 'Q', '.'], ['.', '.', '.', '.', '.', '.', '.', '.'], ['.', '.', '.', '.', '.', '.', '.', '.'], ['.', '.', '.', '.', '.', '.', '.', 'p'], ['v', 'v', 'v', 'v', 'v', 'v', 'v', '.'], ['v', 'v', 'v', 'v', 'k', 'v', 'v', 'v']]",white,"[True, True, True, True]",0.0
202,"[['V', 'V', 'V', 'V', 'K', 'V', 'V', 'V'], ['V', 'V', 'V', 'V', 'V', 'V', '.', 'V'], ['.', '.', '.', '.', '.', '.', 'Q', '.'], ['.', '.', '.', '.', '.', '.', '.', '.'], ['.', '.', '.', '.', '.', '.', '.', '.'], ['.', '.', 'n', '.', '.', '.', '.', 'p'], ['v', 'v', 'v', 'v', 'v', 'v', 'v', '.'], ['v', '.', 'v', 'v', 'k', 'v', 'v', 'v']]",black,"[True, True, True, True]",-834.0
203,"[['V', 'V', 'V', 'V', 'K', 'V', 'V', 'V'], ['V', 'V', 'V', '.', 'V', 'V', '.', 'V'], ['.', '.', '.', '.', '.', '.', 'Q', '.'], ['.', '.', '.', 'B', '.', '.', '.', '.'], ['.', '.', '.', '.', '.', '.', '.', '.'], ['.', '.', 'n', '.', '.', '.', '.', 'p'], ['v', 'v', 'v', 'v', 'v', 'v', 'v', '.'], ['v', '.', 'v', 'v', 'k', 'v', 'v', 'v']]",white,"[True, True, True, True]",-1085.0
204,"[['V', 'V', 'V', 'V', 'K', 'V', 'V', 'V'], ['V', 'V', 'V', '.', 'V', 'V', '.', 'V'], ['.', '.', '.', '.', '.', '.', 'Q', '.'], ['.', '.', '.', 'B', '.', '.', '.', '.'], ['.', '.', '.', '.', '.', '.', '.', '.'], ['.', '.', 'n', '.', '.', '.', 'p', 'p'], ['v', 'v', 'v', 'v', 'v', 'v', '.', '.'], ['v', '.', 'v', 'v', 'k', 'v', 'v', 'v']]",black,"[True, True, True, True]",-1068.0
205,"[['V', 'V', 'V', 'V', 'K', 'V', 'V', 'V'], ['V', 'V', 'V', '.', 'V', '.', '.', 'V'], ['.', '.', '.', '.', '.', '.', 'Q', '.'], ['.', '.', '.', 'B', '.', 'B', '.', '.'], ['.', '.', '.', '.', '.', '.', '.', '.'], ['.', '.', 'n', '.', '.', '.', 'p', 'p'], ['v', 'v', 'v', 'v', 'v', 'v', '.', '.'], ['v', '.', 'v', 'v', 'k', 'v', 'v', 'v']]",white,"[True, True, True, True]",-1263.0
206,"[['V', 'V', 'V', 'V', 'K', 'V', 'V', 'V'], ['V', 'V', 'V', '.', 'V', '.', '.', 'V'], ['.', '.', '.', '.', '.', '.', 'Q', '.'], ['.', '.', '.', 'B', '.', 'B', '.', '.'], ['.', '.', '.', '.', '.', '.', '.', 'p'], ['.', '.', 'n', '.', '.', '.', 'p', '.'], ['v', 'v', 'v', 'v', 'v', 'v', '.', '.'], ['v', '.', 'v', 'v', 'k', 'v', 'v', 'v']]",black,"[True, True, True, True]",-1263.0
207,"[['V', 'V', 'V', 'V', 'K', 'V', 'V', 'V'], ['V', 'V', 'V', '.', 'V', '.', '.', 'V'], ['.', '.', '.', '.', '.', '.', 'Q', '.'], ['.', '.', '.', '.', '.', 'B', '.', '.'], ['.', '.', '.', '.', '.', '.', '.', 'p'], ['.', '.', 'n', '.', '.', '.', 'p', '.'], ['v', 'v', 'v', 'v', 'v', 'v', '.', '.'], ['v', '.', 'v', 'v', 'k', 'v', 'v', 'B']]",white,"[False, True, True, True]",-1470.0
208,"[['V', 'V', 'V', 'V', 'K', 'V', 'V', 'V'], ['V', 'V', 'V', '.', 'V', '.', '.', 'V'], ['.', '.', '.', '.', '.', '.', 'Q', '.'], ['.', '.', '.', '.', '.', 'B', '.', '.'], ['.', '.', '.', '.', '.', '.', '.', 'p'], ['.', '.', 'n', '.', '.', '.', 'p', 'b'], ['v', 'v', 'v', 'v', 'v', 'v', '.', '.'], ['v', '.', 'v', 'v', 'k', 'v', '.', 'B']]",black,"[False, True, True, True]",-1474.0
209,"[['V', 'V', 'V', 'V', 'K', 'V', 'V', 'V'], ['V', 'V', 'V', '.', 'V', '.', '.', 'V'], ['.', '.', '.', '.', '.', '.', 'Q', '.'], ['.', '.', '.', '.', '.', '.', '.', '.'], ['.', '.', '.', '.', '.', '.', '.', 'p'], ['.', '.', 'n', '.', '.', '.', 'p', 'B'], ['v', 'v', 'v', 'v', 'v', 'v', '.', '.'], ['v', '.', 'v', 'v', 'k', 'v', '.', 'B']]",white,"[False, True, True, True]",-1316.0
210,"[['V', 'V', 'V', 'V', 'K', 'V', 'V', 'V'], ['V', 'V', 'V', '.', 'V', '.', '.', 'V'], ['.', '.', '.', '.', '.', '.', 'Q', '.'], ['.', '.', '.', '.', '.', '.', '.', '.'], ['.', '.', '.', '.', '.', '.', '.', 'p'], ['.', '.', 'n', 'n', '.', '.', 'p', 'B'], ['v', 'v', 'v', '.', 'v', 'v', '.', '.'], ['v', '.', 'v', 'v', 'k', 'v', '.', 'B']]",black,"[False, True, True, True]",-1365.0
211,"[['V', 'V', 'V', 'V', 'K', 'V', 'V', 'V'], ['.', 'V', 'V', '.', 'V', '.', '.', 'V'], ['N', '.', '.', '.', '.', '.', 'Q', '.'], ['.', '.', '.', '.', '.', '.', '.', '.'], ['.', '.', '.', '.', '.', '.', '.', 'p'], ['.', '.', 'n', 'n', '.', '.', 'p', 'B'], ['v', 'v', 'v', '.', 'v', 'v', '.', '.'], ['v', '.', 'v', 'v', 'k', 'v', '.', 'B']]",white,"[False, True, True, True]",-1454.0
212,"[['V', 'V', 'V', 'V', 'K', 'V', 'V', 'V'], ['.', 'V', 'V', '.', 'V', '.', '.', 'V'], ['N', '.', '.', '.', '.', '.', 'Q', '.'], ['.', 'n', '.', '.', '.', '.', '.', '.'], ['.', '.', '.', '.', '.', '.', '.', 'p'], ['.', '.', '.', 'n', '.', '.', 'p', 'B'], ['v', 'v', 'v', '.', 'v', 'v', '.', '.'], ['v', '.', 'v', 'v', 'k', 'v', '.', 'B']]",black,"[False, True, True, True]",-1667.0
213,"[['V', 'V', 'V', 'V', 'K', 'V', 'V', 'V'], ['.', 'V', 'V', 'B', 'V', '.', '.', 'V'], ['N', '.', '.', '.', '.', '.', 'Q', '.'], ['.', 'n', '.', '.', '.', '.', '.', '.'], ['.', '.', '.', '.', '.', '.', '.', 'p'], ['.', '.', '.', 'n', '.', '.', 'p', '.'], ['v', 'v', 'v', '.', 'v', 'v', '.', '.'], ['v', '.', 'v', 'v', 'k', 'v', '.', 'B']]",white,"[False, True, True, True]",-1433.0
214,"[['V', 'V', 'V', 'V', 'K', 'V', 'V', 'V'], ['.', 'V', 'V', 'B', 'V', '.', '.', 'V'], ['N', '.', '.', '.', '.', '.', 'Q', '.'], ['.', '.', '.', '.', '.', '.', '.', '.'], ['.', '.', '.', 'n', '.', '.', '.', 'p'], ['.', '.', '.', 'n', '.', '.', 'p', '.'], ['v', 'v', 'v', '.', 'v', 'v', '.', '.'], ['v', '.', 'v', 'v', 'k', 'v', '.', 'B']]",black,"[False, True, True, True]",-1662.0
215,"[['V', 'V', 'V', 'V', 'K', 'V', 'V', 'V'], ['.', 'V', 'V', 'B', 'V', '.', 'Q', 'V'], ['N', '.', '.', '.', '.', '.', '.', '.'], ['.', '.', '.', '.', '.', '.', '.', '.'], ['.', '.', '.', 'n', '.', '.', '.', 'p'], ['.', '.', '.', 'n', '.', '.', 'p', '.'], ['v', 'v', 'v', '.', 'v', 'v', '.', '.'], ['v', '.', 'v', 'v', 'k', 'v', '.', 'B']]",white,"[False, True, True, True]",-1539.0
216,"[['V', 'V', 'V', 'V', 'K', 'V', 'V', 'V'], ['.', 'V', 'V', 'B', 'V', '.', 'Q', 'V'], ['N', '.', '.', '.', '.', '.', '.', '.'], ['.', '.', 'n', '.', '.', '.', '.', '.'], ['.', '.', '.', 'n', '.', '.', '.', 'p'], ['.', '.', '.', '.', '.', '.', 'p', '.'], ['v', 'v', 'v', '.', 'v', 'v', '.', '.'], ['v', '.', 'v', 'v', 'k', 'v', '.', 'B']]",black,"[False, True, True, True]",-1735.0
217,"[['V', 'V', 'V', 'V', 'K', 'V', 'V', 'V'], ['.', 'V', 'V', 'B', 'V', '.', 'Q', 'V'], ['.', '.', '.', '.', '.', '.', '.', '.'], ['.', '.', 'N', '.', '.', '.', '.', '.'], ['.', '.', '.', 'n', '.', '.', '.', 'p'], ['.', '.', '.', '.', '.', '.', 'p', '.'], ['v', 'v', 'v', '.', 'v', 'v', '.', '.'], ['v', '.', 'v', 'v', 'k', 'v', '.', 'B']]",white,"[False, True, True, True]",-1994.0
218,"[['V', 'V', 'V', 'V', 'K', 'V', 'V', 'V'], ['.', 'V', 'V', 'B', 'V', '.', 'Q', 'V'], ['.', '.', '.', '.', '.', '.', '.', '.'], ['.', '.', 'N', '.', '.', '.', '.', '.'], ['.', '.', '.', 'n', '.', '.', '.', 'p'], ['.', '.', '.', '.', '.', '.', 'p', '.'], ['v', 'v', 'v', '.', 'v', 'v', '.', '.'], ['.', 'p', 'v', 'v', 'k', 'v', '.', 'B']]",black,"[False, False, True, True]",-2060.0
219,"[['V', 'V', 'V', 'V', 'K', 'V', '.', 'V'], ['.', 'V', 'V', 'B', 'V', '.', 'Q', 'V'], ['.', '.', '.', '.', '.', 'R', '.', '.'], ['.', '.', 'N', '.', '.', '.', '.', '.'], ['.', '.', '.', 'n', '.', '.', '.', 'p'], ['.', '.', '.', '.', '.', '.', 'p', '.'], ['v', 'v', 'v', '.', 'v', 'v', '.', '.'], ['.', 'p', 'v', 'v', 'k', 'v', '.', 'B']]",white,"[False, False, True, True]",-2163.0
220,"[['V', 'V', 'V', 'V', 'K', 'V', '.', 'V'], ['.', 'V', 'V', 'B', 'V', '.', 'Q', 'V'], ['.', '.', '.', '.', '.', 'R', '.', '.'], ['.', '.', 'N', '.', '.', '.', '.', '.'], ['.', '.', '.', 'n', '.', '.', '.', 'p'], ['.', '.', '.', '.', '.', '.', 'p', '.'], ['v', 'v', 'v', 'k', 'v', 'v', '.', '.'], ['.', 'p', 'v', 'v', '.', 'v', '.', 'B']]",black,"[False, False, True, True]",-2432.0
221,"[['V', 'V', 'V', 'V', 'K', 'V', '.', 'V'], ['.', 'V', 'V', 'B', '.', '.', 'Q', 'V'], ['.', '.', '.', '.', '.', 'R', '.', '.'], ['.', '.', 'N', '.', 'P', '.', '.', '.'], ['.', '.', '.', 'n', '.', '.', '.', 'p'], ['.', '.', '.', '.', '.', '.', 'p', '.'], ['v', 'v', 'v', 'k', 'v', 'v', '.', '.'], ['.', 'p', 'v', 'v', '.', 'v', '.', 'B']]",white,"[False, False, True, True]",0.0
222,"[['V', 'V', 'V', 'V', 'K', 'V', '.', 'V'], ['.', 'V', 'V', 'B', '.', '.', 'Q', 'V'], ['.', '.', '.', '.', '.', 'R', '.', '.'], ['.', '.', 'N', '.', 'P', '.', '.', '.'], ['.', '.', '.', 'n', '.', '.', '.', 'p'], ['.', '.', 'p', '.', '.', '.', 'p', '.'], ['v', 'v', '.', 'k', 'v', 'v', '.', '.'], ['.', 'p', 'v', 'v', '.', 'v', '.', 'B']]",black,"[False, False, True, True]",-2689.0
223,"[['V', 'V', 'V', 'V', 'K', 'V', '.', 'V'], ['.', 'V', 'V', '.', '.', '.', 'Q', 'V'], ['.', '.', '.', '.', '.', 'R', '.', '.'], ['.', '.', 'N', '.', 'P', '.', '.', '.'], ['B', '.', '.', 'n', '.', '.', '.', 'p'], ['.', '.', 'p', '.', '.', '.', 'p', '.'], ['v', 'v', '.', 'k', 'v', 'v', '.', '.'], ['.', 'p', 'v', 'v', '.', 'v', '.', 'B']]",white,"[False, False, True, True]",-2822.0
224,"[['V', 'V', 'V', 'V', 'K', 'V', '.', 'V'], ['.', 'V', 'V', '.', '.', '.', 'Q', 'V'], ['.', '.', '.', '.', '.', 'R', '.', '.'], ['.', '.', 'N', '.', 'P', '.', '.', 'p'], ['B', '.', '.', 'n', '.', '.', '.', '.'], ['.', '.', 'p', '.', '.', '.', 'p', '.'], ['v', 'v', '.', 'k', 'v', 'v', '.', '.'], ['.', 'p', 'v', 'v', '.', 'v', '.', 'B']]",black,"[False, False, True, True]",-2854.0
225,"[['V', 'V', 'V', 'V', 'K', 'V', '.', 'V'], ['.', 'V', 'V', '.', '.', '.', 'Q', 'V'], ['.', '.', '.', '.', '.', '.', '.', '.'], ['.', '.', 'N', '.', 'P', '.', '.', 'p'], ['B', '.', '.', 'n', '.', '.', '.', '.'], ['.', '.', 'p', '.', '.', '.', 'p', '.'], ['v', 'v', '.', 'k', 'v', 'R', '.', '.'], ['.', 'p', 'v', 'v', '.', 'v', '.', 'B']]",white,"[False, False, True, True]",0.0
226,"[['V', 'V', 'V', 'V', 'K', 'V', '.', 'V'], ['.', 'V', 'V', '.', '.', '.', 'Q', 'V'], ['.', '.', '.', '.', '.', '.', '.', '.'], ['.', '.', 'N', '.', 'P', '.', '.', 'p'], ['B', '.', '.', 'n', '.', '.', '.', '.'], ['.', 'p', 'p', '.', '.', '.', 'p', '.'], ['v', 'v', '.', 'k', 'v', 'R', '.', '.'], ['.', 'p', 'v', '.', '.', 'v', '.', 'B']]",black,"[False, False, True, True]",-3489.0
227,"[['V', 'V', 'V', 'V', 'K', 'V', '.', 'V'], ['.', 'V', 'V', '.', '.', '.', 'Q', 'V'], ['.', '.', '.', '.', '.', '.', '.', '.'], ['.', '.', 'N', '.', 'P', 'R', '.', 'p'], ['B', '.', '.', 'n', '.', '.', '.', '.'], ['.', 'p', 'p', '.', '.', '.', 'p', '.'], ['v', 'v', '.', 'k', 'v', '.', '.', '.'], ['.', 'p', 'v', '.', '.', 'v', '.', 'B']]",white,"[False, False, True, True]",-3878.0
228,"[['V', 'V', 'V', 'V', 'K', 'V', '.', 'V'], ['.', 'V', 'V', '.', '.', '.', 'Q', 'V'], ['.', '.', '.', '.', '.', '.', '.', '.'], ['.', '.', 'N', '.', 'P', 'R', '.', 'p'], ['p', '.', '.', 'n', '.', '.', '.', '.'], ['.', '.', 'p', '.', '.', '.', 'p', '.'], ['v', 'v', '.', 'k', 'v', '.', '.', '.'], ['.', 'p', 'v', '.', '.', 'v', '.', 'B']]",black,"[False, False, True, True]",-3365.0
229,"[['V', 'V', 'V', 'V', 'K', 'V', '.', 'V'], ['.', 'V', 'V', '.', '.', '.', '.', 'V'], ['.', '.', '.', '.', '.', '.', '.', '.'], ['.', '.', 'N', '.', 'P', 'R', '.', 'p'], ['p', '.', '.', 'n', '.', '.', '.', '.'], ['.', '.', 'p', '.', '.', '.', 'Q', '.'], ['v', 'v', '.', 'k', 'v', '.', '.', '.'], ['.', 'p', 'v', '.', '.', 'v', '.', 'B']]",white,"[False, False, True, True]",0.0
230,"[['V', 'V', 'V', 'V', 'K', 'V', '.', 'V'], ['.', 'V', 'V', '.', '.', '.', '.', 'V'], ['.', '.', '.', '.', '.', '.', '.', 'p'], ['.', '.', 'N', '.', 'P', 'R', '.', '.'], ['p', '.', '.', 'n', '.', '.', '.', '.'], ['.', '.', 'p', '.', '.', '.', 'Q', '.'], ['v', 'v', '.', 'k', 'v', '.', '.', '.'], ['.', 'p', 'v', '.', '.', 'v', '.', 'B']]",black,"[False, False, True, True]",-3305.0
231,"[['V', 'V', 'V', 'V', 'K', 'V', '.', 'V'], ['.', 'V', 'V', '.', '.', '.', '.', 'V'], ['.', '.', '.', '.', '.', '.', '.', 'p'], ['.', '.', 'N', '.', 'P', '.', '.', '.'], ['p', '.', '.', 'n', '.', '.', '.', '.'], ['.', '.', 'p', '.', '.', 'R', 'Q', '.'], ['v', 'v', '.', 'k', 'v', '.', '.', '.'], ['.', 'p', 'v', '.', '.', 'v', '.', 'B']]",white,"[False, False, True, True]",-3407.0
232,"[['V', 'V', 'V', 'V', 'K', 'V', '.', 'V'], ['.', 'V', 'V', '.', '.', '.', '.', 'V'], ['.', '.', '.', '.', '.', '.', '.', 'p'], ['.', '.', 'N', '.', 'P', '.', '.', '.'], ['p', '.', '.', 'n', '.', '.', '.', '.'], ['.', '.', 'p', '.', '.', 'p', 'Q', '.'], ['v', 'v', '.', 'k', '.', '.', '.', '.'], ['.', 'p', 'v', '.', '.', 'v', '.', 'B']]",black,"[False, False, True, True]",-2736.0
233,"[['V', 'V', 'V', 'V', 'K', 'V', '.', 'V'], ['.', 'V', '.', '.', '.', '.', '.', 'V'], ['.', '.', 'P', '.', '.', '.', '.', 'p'], ['.', '.', 'N', '.', 'P', '.', '.', '.'], ['p', '.', '.', 'n', '.', '.', '.', '.'], ['.', '.', 'p', '.', '.', 'p', 'Q', '.'], ['v', 'v', '.', 'k', '.', '.', '.', '.'], ['.', 'p', 'v', '.', '.', 'v', '.', 'B']]",white,"[False, False, True, True]",0.0
234,"[['V', 'V', 'V', 'V', 'K', 'V', '.', 'V'], ['.', 'V', '.', '.', '.', '.', '.', 'V'], ['r', '.', 'P', '.', '.', '.', '.', 'p'], ['.', '.', 'N', '.', 'P', '.', '.', '.'], ['p', '.', '.', 'n', '.', '.', '.', '.'], ['.', '.', 'p', '.', '.', 'p', 'Q', '.'], ['v', 'v', '.', 'k', '.', '.', '.', '.'], ['.', 'p', 'v', '.', '.', '.', '.', 'B']]",black,"[False, False, True, True]",-2842.0
235,"[['V', 'V', 'V', 'V', 'K', 'V', '.', 'V'], ['.', 'V', '.', '.', '.', '.', '.', 'V'], ['r', '.', 'P', '.', '.', '.', '.', 'p'], ['.', '.', '.', '.', 'P', '.', '.', '.'], ['p', '.', '.', 'n', '.', '.', '.', '.'], ['.', 'N', 'p', '.', '.', 'p', 'Q', '.'], ['v', 'v', '.', 'k', '.', '.', '.', '.'], ['.', 'p', 'v', '.', '.', '.', '.', 'B']]",white,"[False, False, True, True]",-2805.0
236,"[['V', 'V', 'V', 'V', 'K', 'V', '.', 'V'], ['.', 'V', '.', '.', '.', '.', '.', 'V'], ['r', '.', 'P', '.', '.', '.', '.', 'p'], ['.', '.', '.', '.', 'P', '.', '.', '.'], ['p', '.', '.', 'n', '.', '.', '.', '.'], ['.', 'N', 'p', '.', '.', 'p', 'Q', '.'], ['v', 'v', 'k', '.', '.', '.', '.', '.'], ['.', 'p', 'v', '.', '.', '.', '.', 'B']]",black,"[False, False, True, True]",-2876.0
237,"[['.', 'V', 'V', 'V', 'K', 'V', '.', 'V'], ['.', 'V', '.', '.', '.', '.', '.', 'V'], ['R', '.', 'P', '.', '.', '.', '.', 'p'], ['.', '.', '.', '.', 'P', '.', '.', '.'], ['p', '.', '.', 'n', '.', '.', '.', '.'], ['.', 'N', 'p', '.', '.', 'p', 'Q', '.'], ['v', 'v', 'k', '.', '.', '.', '.', '.'], ['.', 'p', 'v', '.', '.', '.', '.', 'B']]",white,"[False, False, True, False]",-2994.0
238,"[['.', 'V', 'V', 'V', 'K', 'V', '.', 'V'], ['.', 'V', '.', '.', '.', '.', '.', 'V'], ['R', '.', 'P', '.', '.', '.', '.', 'p'], ['.', '.', '.', '.', 'P', '.', '.', '.'], ['p', '.', '.', 'n', '.', '.', '.', '.'], ['b', 'N', 'p', '.', '.', 'p', 'Q', '.'], ['.', 'v', 'k', '.', '.', '.', '.', '.'], ['.', 'p', 'v', '.', '.', '.', '.', 'B']]",black,"[False, False, True, False]",-2682.0
239,"[['.', 'V', 'V', 'V', 'K', 'V', '.', 'V'], ['.', 'V', '.', '.', '.', '.', '.', 'V'], ['.', 'R', 'P', '.', '.', '.', '.', 'p'], ['.', '.', '.', '.', 'P', '.', '.', '.'], ['p', '.', '.', 'n', '.', '.', '.', '.'], ['b', 'N', 'p', '.', '.', 'p', 'Q', '.'], ['.', 'v', 'k', '.', '.', '.', '.', '.'], ['.', 'p', 'v', '.', '.', '.', '.', 'B']]",white,"[False, False, True, False]",-2839.0
240,"[['.', 'V', 'V', 'V', 'K', 'V', '.', 'V'], ['.', 'V', '.', '.', '.', '.', '.', 'V'], ['.', 'R', 'P', '.', '.', '.', '.', 'p'], ['.', '.', '.', '.', 'P', '.', '.', '.'], ['p', 'b', '.', 'n', '.', '.', '.', '.'], ['.', 'N', 'p', '.', '.', 'p', 'Q', '.'], ['.', 'v', 'k', '.', '.', '.', '.', '.'], ['.', 'p', 'v', '.', '.', '.', '.', 'B']]",black,"[False, False, True, False]",-2686.0
241,"[['.', 'V', 'V', 'V', 'K', 'V', '.', 'V'], ['.', 'V', '.', '.', '.', '.', '.', 'V'], ['.', 'R', 'P', '.', '.', '.', '.', 'p'], ['.', '.', '.', '.', 'P', '.', '.', '.'], ['p', 'b', '.', 'n', '.', '.', '.', '.'], ['.', 'N', 'p', '.', '.', 'p', '.', '.'], ['.', 'v', 'k', '.', '.', '.', 'Q', '.'], ['.', 'p', 'v', '.', '.', '.', '.', 'B']]",white,"[False, False, True, False]",-2654.0
242,"[['.', 'V', 'V', 'V', 'K', 'V', '.', 'V'], ['.', 'V', '.', '.', '.', '.', '.', 'V'], ['.', 'R', 'P', '.', '.', '.', '.', 'p'], ['.', '.', '.', '.', 'P', '.', '.', '.'], ['p', 'b', '.', 'n', '.', '.', '.', '.'], ['.', 'k', 'p', '.', '.', 'p', '.', '.'], ['.', 'v', '.', '.', '.', '.', 'Q', '.'], ['.', 'p', 'v', '.', '.', '.', '.', 'B']]",black,"[False, False, True, False]",-2666.0
243,"[['.', 'V', 'V', 'V', 'K', 'V', '.', 'V'], ['.', 'V', '.', '.', '.', '.', '.', 'V'], ['.', 'R', 'P', '.', '.', '.', '.', 'p'], ['.', '.', '.', '.', '.', '.', '.', '.'], ['p', 'b', '.', 'P', '.', '.', '.', '.'], ['.', 'k', 'p', '.', '.', 'p', '.', '.'], ['.', 'v', '.', '.', '.', '.', 'Q', '.'], ['.', 'p', 'v', '.', '.', '.', '.', 'B']]",white,"[False, False, True, False]",0.0
244,"[['.', 'V', 'V', 'V', 'K', 'V', '.', 'V'], ['.', 'V', '.', '.', '.', '.', '.', 'V'], ['.', 'R', 'P', '.', '.', '.', '.', 'p'], ['.', '.', '.', '.', '.', '.', '.', '.'], ['p', 'b', '.', 'P', '.', '.', '.', '.'], ['.', 'k', 'p', '.', '.', 'p', '.', '.'], ['.', 'v', '.', 'p', '.', '.', 'Q', '.'], ['.', 'p', '.', '.', '.', '.', '.', 'B']]",black,"[False, False, True, False]",-2813.0
245,"[['.', 'V', 'V', 'V', 'K', 'V', '.', 'V'], ['.', 'V', '.', '.', '.', '.', '.', 'V'], ['.', 'R', 'P', '.', '.', '.', '.', 'p'], ['.', '.', '.', '.', '.', '.', '.', '.'], ['p', 'b', '.', '.', '.', '.', '.', '.'], ['.', 'k', 'p', 'P', '.', 'p', '.', '.'], ['.', 'v', '.', 'p', '.', '.', 'Q', '.'], ['.', 'p', '.', '.', '.', '.', '.', 'B']]",white,"[False, False, True, False]",-2862.0
246,"[['.', 'V', 'V', 'V', 'K', 'V', '.', 'V'], ['.', 'V', '.', '.', '.', '.', '.', 'V'], ['.', 'R', 'P', '.', '.', '.', '.', 'p'], ['.', '.', '.', '.', '.', '.', '.', '.'], ['p', 'b', '.', '.', '.', '.', '.', '.'], ['k', '.', 'p', 'P', '.', 'p', '.', '.'], ['.', 'v', '.', 'p', '.', '.', 'Q', '.'], ['.', 'p', '.', '.', '.', '.', '.', 'B']]",black,"[False, False, True, False]",-2768.0
247,"[['.', 'V', 'V', 'V', 'K', '.', '.', 'V'], ['.', 'V', '.', '.', '.', '.', '.', 'V'], ['.', 'R', 'P', '.', '.', '.', '.', 'p'], ['.', '.', '.', '.', '.', '.', '.', '.'], ['p', 'P', '.', '.', '.', '.', '.', '.'], ['k', '.', 'p', 'P', '.', 'p', '.', '.'], ['.', 'v', '.', 'p', '.', '.', 'Q', '.'], ['.', 'p', '.', '.', '.', '.', '.', 'B']]",white,"[False, False, True, False]",0.0
248,"[['.', 'V', 'V', 'V', 'K', '.', '.', 'V'], ['.', 'V', '.', '.', '.', '.', '.', 'V'], ['.', 'R', 'P', '.', '.', '.', '.', 'p'], ['.', '.', '.', '.', '.', '.', '.', '.'], ['p', 'P', '.', '.', '.', '.', '.', '.'], ['.', 'k', 'p', 'P', '.', 'p', '.', '.'], ['.', 'v', '.', 'p', '.', '.', 'Q', '.'], ['.', 'p', '.', '.', '.', '.', '.', 'B']]",black,"[False, False, True, False]",-2768.0
249,"[['.', 'V', 'V', 'V', '.', '.', '.', 'V'], ['.', 'V', '.', '.', 'K', '.', '.', 'V'], ['.', 'R', 'P', '.', '.', '.', '.', 'p'], ['.', '.', '.', '.', '.', '.', '.', '.'], ['p', 'P', '.', '.', '.', '.', '.', '.'], ['.', 'k', 'p', 'P', '.', 'p', '.', '.'], ['.', 'v', '.', 'p', '.', '.', 'Q', '.'], ['.', 'p', '.', '.', '.', '.', '.', 'B']]",white,"[False, False, False, False]",0.0
250,"[['.', 'V', 'V', 'V', '.', '.', '.', 'V'], ['.', 'V', '.', '.', 'K', '.', '.', 'V'], ['.', 'R', 'P', '.', '.', '.', '.', 'p'], ['.', '.', '.', '.', '.', '.', '.', '.'], ['p', 'P', '.', '.', '.', 'p', '.', '.'], ['.', 'k', 'p', 'P', '.', '.', '.', '.'], ['.', 'v', '.', 'p', '.', '.', 'Q', '.'], ['.', 'p', '.', '.', '.', '.', '.', 'B']]",black,"[False, False, False, False]",-2756.0
251,"[['.', 'V', 'V', 'V', '.', '.', '.', 'V'], ['.', 'V', '.', '.', '.', 'K', '.', 'V'], ['.', 'R', 'P', '.', '.', '.', '.', 'p'], ['.', '.', '.', '.', '.', '.', '.', '.'], ['p', 'P', '.', '.', '.', 'p', '.', '.'], ['.', 'k', 'p', 'P', '.', '.', '.', '.'], ['.', 'v', '.', 'p', '.', '.', 'Q', '.'], ['.', 'p', '.', '.', '.', '.', '.', 'B']]",white,"[False, False, False, False]",0.0
252,"[['.', 'V', 'V', 'V', '.', '.', '.', 'V'], ['.', 'V', '.', '.', '.', 'K', '.', 'V'], ['.', 'R', 'P', '.', '.', '.', '.', 'p'], ['.', '.', '.', '.', '.', '.', '.', '.'], ['p', 'P', 'k', '.', '.', 'p', '.', '.'], ['.', '.', 'p', 'P', '.', '.', '.', '.'], ['.', 'v', '.', 'p', '.', '.', 'Q', '.'], ['.', 'p', '.', '.', '.', '.', '.', 'B']]",black,"[False, False, False, False]",-inf
